_id/$oid,n_workers,timestamp,learning_rate,batch_size,synchronism,training_time,n_ps,acc,vm_flavor,total_iterations,intermediate_acc_values
5bb74b44168774052e8131b7,8,2018-10-05 11:30:12,0.00001,256,async,332.9627349,1,0.8519999981,t2.small,18180,0.5118 0.693 0.7562 0.8048 0.8164 0.842 0.8424 0.841 0.846 0.849 0.852
5bb74b86168774054fa3513b,8,2018-10-05 11:31:18,0.0001,256,async,60.610425,1,0.8593999743,t2.small,2952,0.8258 0.8594
5bb74bc9168774056a4ae8d6,8,2018-10-05 11:32:26,0.001,256,async,60.70921302,1,0.888800025,t2.small,1139,0.8288 0.8888
5bb74e3116877405825d944f,8,2018-10-05 11:42:42,0.00001,16,async,608.4137759,1,0.5821999907,t2.small,9095,0.0868 0.1164 0.159 0.1782 0.2208 0.2592 0.295 0.3132 0.3482 0.3886 0.4148 0.4382 0.4608 0.4858 0.5072 0.521 0.541 0.554 0.569 0.5824
5bb7500216877405b252b2b6,8,2018-10-05 11:50:27,0.0001,16,async,456.6865189,1,0.8521999717,t2.small,6418,0.3754 0.5864 0.6622 0.7076 0.747 0.769 0.7818 0.808 0.8084 0.828 0.8294 0.8438 0.8396 0.8444 0.8522
5bb7508016877405e9e56e11,8,2018-10-05 11:52:33,0.001,16,async,121.5597301,1,0.8655999899,t2.small,1731,0.7626 0.8438 0.8434 0.8656
5bb7517c5ee1840528f2c24f,16,2018-10-05 11:56:44,0.00001,256,async,152.4519899,1,0.8593999743,t2.small,18777,0.5134 0.732 0.8046 0.8392 0.8594
5bb751a05ee18405434fb9ab,16,2018-10-05 11:57:20,0.0001,256,async,30.31615305,1,0.8561999798,t2.small,2868,0.8562
5bb751c35ee184055d8a5d1e,16,2018-10-05 11:57:56,0.001,256,async,30.27383208,1,0.9121999741,t2.small,2306,0.9122
5bb7542b5ee1840577269c7c,16,2018-10-05 12:08:11,0.00001,16,async,609.7426591,1,0.7512000203,t2.small,18814,0.2568 0.4102 0.5202 0.5844 0.6316 0.6654 0.684 0.6824 0.685 0.7024 0.7066 0.7018 0.7062 0.7276 0.7268 0.7234 0.7384 0.7282 0.7392 0.7408
5bb755fb5ee18405a5b1b601,16,2018-10-05 12:15:56,0.0001,16,async,458.990808,1,0.8539999723,t2.small,6399,0.4064 0.5652 0.6542 0.7092 0.7458 0.7628 0.7886 0.8006 0.8072 0.8218 0.8246 0.8366 0.8404 0.837 0.854
5bb7567c5ee18405d27b00ba,16,2018-10-05 12:18:04,0.001,16,async,123.108861,1,0.8546000123,t2.small,1745,0.7332 0.8132 0.8188 0.8546
5bb75c791f603305722cff12,1,2018-10-05 12:43:38,0.00001,256,async,542.3418541,1,0.8521999717,t2.2xlarge,23395,0.2024 0.4196 0.5544 0.624 0.6862 0.7354 0.7616 0.7756 0.8 0.8024 0.8078 0.8298 0.8396 0.8254 0.844 0.8402 0.844 0.8522
5bb75cbb1f603305b24cf5e8,1,2018-10-05 12:44:43,0.0001,256,async,60.15496492,1,0.8507999778,t2.2xlarge,2654,0.7842 0.8508
5bb75cdd1f603305e200099a,1,2018-10-05 12:45:17,0.001,256,async,30.09221196,1,0.8781999946,t2.2xlarge,1332,0.8782
5bb75f3a1f6033060db6efa8,1,2018-10-05 12:55:23,0.00001,16,async,601.380192,1,0.7865999937,t2.2xlarge,27805,0.2088 0.3114 0.397 0.48 0.5256 0.574 0.6068 0.6378 0.6716 0.6736 0.7004 0.711 0.7306 0.7352 0.753 0.7524 0.7722 0.7666 0.7776 0.781
5bb75fd51f603306517610a8,1,2018-10-05 12:57:57,0.0001,16,async,150.3854702,1,0.858799994,t2.2xlarge,7307,0.6576 0.7848 0.817 0.8452 0.8588
5bb75ff81f603306819e296e,1,2018-10-05 12:58:33,0.001,16,async,30.09053707,1,0.8614000082,t2.2xlarge,1478,0.8614
5bb887df41e6c9057713009a,2,2018-10-06 10:01:04,0.00001,256,async,301.2661622,1,0.850399971,t2.2xlarge,19768,0.2918 0.533 0.66 0.7452 0.7778 0.8086 0.8256 0.8358 0.8484 0.8504
5bb8882141e6c905ad23af39,2,2018-10-06 10:02:09,0.0001,256,async,60.17155099,1,0.8709999919,t2.2xlarge,4485,0.8494 0.871
5bb8884341e6c905de0db85d,2,2018-10-06 10:02:43,0.001,256,async,30.08955598,1,0.8917999864,t2.2xlarge,1980,0.8918
5bb88aa141e6c9060a58f7e9,2,2018-10-06 10:12:49,0.00001,16,async,601.6717589,1,0.834800005,t2.2xlarge,50234,0.2496 0.4216 0.5468 0.6332 0.685 0.7022 0.7332 0.7534 0.7712 0.78 0.7902 0.8002 0.8122 0.8124 0.822 0.8234 0.8288 0.8338 0.834 0.8398
5bb88b1d41e6c90650c11c19,2,2018-10-06 10:14:53,0.0001,16,async,120.34232,1,0.8622000217,t2.2xlarge,9973,0.7566 0.8236 0.8458 0.8622
5bb88b4041e6c906808ed090,2,2018-10-06 10:15:29,0.001,16,async,30.10724115,1,0.8614000082,t2.2xlarge,2645,0.8614
5bb88c993803ae057db647a7,4,2018-10-06 10:21:14,0.00001,256,async,240.6771109,1,0.8537999988,t2.2xlarge,20723,0.3924 0.6302 0.7284 0.7918 0.821 0.8332 0.8496 0.8538
5bb88cdb3803ae05bb060eb6,4,2018-10-06 10:22:19,0.0001,256,async,60.24500513,1,0.8730000257,t2.2xlarge,5000,0.847 0.873
5bb88cfd3803ae05ec9ef1f8,4,2018-10-06 10:22:54,0.001,256,async,30.09384704,1,0.8784000278,t2.2xlarge,2544,0.8784
5bb88f5b3803ae061945f3c5,4,2018-10-06 10:33:00,0.00001,16,async,601.8329649,1,0.8324000239,t2.2xlarge,50549,0.242 0.404 0.529 0.602 0.6508 0.6988 0.7238 0.7442 0.7592 0.7752 0.7792 0.7976 0.8018 0.8088 0.816 0.818 0.8232 0.827 0.829 0.8342
5bb88fba3803ae065e0541ae,4,2018-10-06 10:34:35,0.0001,16,async,90.28287983,1,0.8542000055,t2.2xlarge,7261,0.7464 0.8288 0.8542
5bb88fde3803ae0691a5e253,4,2018-10-06 10:35:10,0.001,16,async,30.13231301,1,0.8690000176,t2.2xlarge,2465,0.869
5bb89126b508500568626317,6,2018-10-06 10:40:39,0.00001,256,async,210.7739501,1,0.8525999784,t2.2xlarge,22074,0.6782 0.7652 0.8104 0.8198 0.8426 0.844 0.8526
5bb89149b5085005a3270682,6,2018-10-06 10:41:13,0.0001,256,async,30.13325596,1,0.8537999988,t2.2xlarge,2637,0.8538
5bb8916cb5085005d19ff98b,6,2018-10-06 10:41:48,0.001,256,async,30.10240197,1,0.9107999802,t2.2xlarge,2666,0.9108
5bb893cab508500601552b12,6,2018-10-06 10:51:55,0.00001,16,async,601.6169839,1,0.8356000185,t2.2xlarge,53100,0.267 0.4456 0.546 0.6396 0.6766 0.7132 0.7314 0.7594 0.7676 0.7896 0.7952 0.8012 0.8014 0.8192 0.8204 0.8216 0.8294 0.8332 0.8344 0.8424
5bb89449b508500648fdaaea,6,2018-10-06 10:54:02,0.0001,16,async,120.4495091,1,0.8644000292,t2.2xlarge,10894,0.7692 0.8214 0.845 0.8644
5bb8946bb50850067e872060,6,2018-10-06 10:54:36,0.001,16,async,30.13257003,1,0.8730000257,t2.2xlarge,2647,0.873
5bb895af05de880578f10c72,8,2018-10-06 11:00:00,0.00001,256,async,210.7224081,1,0.850399971,t2.2xlarge,19921,0.5318 0.6986 0.7732 0.8176 0.8314 0.843 0.8504
5bb895f105de8805b4dd4cf9,8,2018-10-06 11:01:05,0.0001,256,async,60.26687288,1,0.8762000203,t2.2xlarge,5600,0.8374 0.8762
5bb8961405de8805e863c696,8,2018-10-06 11:01:40,0.001,256,async,31.16319084,1,0.871999979,t2.2xlarge,2775,0.872
5bb8987205de880616629cf3,8,2018-10-06 11:11:47,0.00001,16,async,602.151973,1,0.8399999738,t2.2xlarge,54378,0.249 0.4382 0.567 0.6418 0.6938 0.7284 0.7452 0.7728 0.78 0.7924 0.8082 0.8066 0.8142 0.8266 0.8278 0.835 0.843 0.8332 0.847 0.8406
5bb898d205de88065fdbb434,8,2018-10-06 11:13:22,0.0001,16,async,90.34788084,1,0.8539999723,t2.2xlarge,8398,0.774 0.8274 0.854
5bb898f405de880694d34924,8,2018-10-06 11:13:56,0.001,16,async,30.14248109,1,0.8831999898,t2.2xlarge,2720,0.8832
5bb89a39eba53a05766cbc69,10,2018-10-06 11:19:21,0.00001,256,async,210.9800088,1,0.8507999778,t2.2xlarge,19889,0.436 0.6666 0.7478 0.8076 0.8382 0.8358 0.8508
5bb89a5ceba53a05b00a58a6,10,2018-10-06 11:19:57,0.0001,256,async,30.16282892,1,0.8596000075,t2.2xlarge,2874,0.8596
5bb89a80eba53a05e5cec861,10,2018-10-06 11:20:32,0.001,256,async,30.17622781,1,0.8952000141,t2.2xlarge,2887,0.8952
5bb89cdfeba53a061a0147ab,10,2018-10-06 11:30:39,0.00001,16,async,601.885097,1,0.8393999934,t2.2xlarge,55730,0.254 0.44 0.5452 0.6466 0.6836 0.725 0.7482 0.7644 0.7784 0.791 0.797 0.8118 0.8138 0.8162 0.8218 0.8306 0.83 0.8398 0.8396 0.8424
5bb89d3eeba53a06677eb74d,10,2018-10-06 11:32:15,0.0001,16,async,90.34962916,1,0.8524000049,t2.2xlarge,8625,0.7734 0.8372 0.8524
5bb89d61eba53a069fb1072a,10,2018-10-06 11:32:50,0.001,16,async,30.15731311,1,0.8651999831,t2.2xlarge,2825,0.8652
5bb89ea4edcae505773371d8,12,2018-10-06 11:38:12,0.00001,256,async,210.8861461,1,0.8546000123,t2.2xlarge,20082,0.4742 0.676 0.7668 0.8012 0.8196 0.8468 0.8546
5bb89ec6edcae505b0cfaf00,12,2018-10-06 11:38:47,0.0001,256,async,30.14274001,1,0.8500000238,t2.2xlarge,2867,0.85
5bb89eeaedcae505e0121d6b,12,2018-10-06 11:39:22,0.001,256,async,30.14004683,1,0.9002000093,t2.2xlarge,2755,0.9002
5bb8a149edcae50614e16cce,12,2018-10-06 11:49:29,0.00001,16,async,601.9299891,1,0.8465999961,t2.2xlarge,58139,0.251 0.4698 0.5902 0.6578 0.7112 0.7388 0.7518 0.7796 0.7928 0.7952 0.8048 0.814 0.8202 0.8252 0.829 0.8334 0.8398 0.8368 0.8476 0.8376
5bb8a1a7edcae506601bf48b,12,2018-10-06 11:51:04,0.0001,16,async,90.40471005,1,0.8619999886,t2.2xlarge,8636,0.7866 0.8316 0.862
5bb8a1cbedcae5069236c331,12,2018-10-06 11:51:39,0.001,16,async,30.1540091,1,0.8596000075,t2.2xlarge,2958,0.8596
5bb8a330ed05920579a3a0b7,14,2018-10-06 11:57:37,0.00001,256,async,240.9235671,1,0.8536000252,t2.2xlarge,22941,0.4212 0.6608 0.7534 0.7932 0.8216 0.8352 0.8458 0.8536
5bb8a372ed059205ba5fc85e,14,2018-10-06 11:58:42,0.0001,256,async,60.38003802,1,0.8790000081,t2.2xlarge,5695,0.848 0.879
5bb8a395ed059205ef9c5fc7,14,2018-10-06 11:59:18,0.001,256,async,30.16746902,1,0.9035999775,t2.2xlarge,2857,0.9036
5bb8a5f4ed059206240b8784,14,2018-10-06 12:09:24,0.00001,16,async,602.471457,1,0.8506000042,t2.2xlarge,56955,0.2934 0.4674 0.5848 0.6406 0.69 0.7252 0.7496 0.774 0.7828 0.8022 0.8028 0.8176 0.8198 0.8192 0.8324 0.8324 0.8318 0.848 0.8482 0.8422
5bb8a652ed0592066ed145ee,14,2018-10-06 12:10:59,0.0001,16,async,90.42735505,1,0.861800015,t2.2xlarge,8555,0.7836 0.8374 0.8618
5bb8a676ed059206a2830c11,14,2018-10-06 12:11:34,0.001,16,async,30.20876503,1,0.871999979,t2.2xlarge,2825,0.872
5bb8b08cde75060548411685,2,2018-10-06 12:54:36,0.00001,256,async,392.0972159,1,0.8554000258,t2.xlarge,21275,0.2834 0.4736 0.606 0.6942 0.7506 0.7762 0.8006 0.8186 0.8332 0.832 0.8424 0.8472 0.8554
5bb8b0ccde7506057ed50dfc,2,2018-10-06 12:55:40,0.0001,256,async,60.22015786,1,0.8705999851,t2.xlarge,3467,0.8182 0.8706
5bb8b0eede7506059f3664a6,2,2018-10-06 12:56:15,0.001,256,async,30.11668301,1,0.8831999898,t2.xlarge,1709,0.8832
5bb8b34dde750605bfddc20d,2,2018-10-06 13:06:22,0.00001,16,async,601.8324921,1,0.8145999908,t2.xlarge,36612,0.2784 0.4004 0.4884 0.548 0.6004 0.6392 0.6614 0.699 0.7176 0.7218 0.7434 0.7544 0.7688 0.7748 0.7938 0.787 0.7988 0.8064 0.8162 0.8124
5bb8b3cade750605fbc9417b,2,2018-10-06 13:08:26,0.0001,16,async,120.409013,1,0.8507999778,t2.xlarge,7257,0.703 0.815 0.841 0.8508
5bb8b3edde7506061e30a578,2,2018-10-06 13:09:02,0.001,16,async,30.11172915,1,0.864199996,t2.xlarge,2315,0.8642
5bb8b59c0905fb054e05df83,4,2018-10-06 13:16:12,0.00001,256,async,331.0887861,1,0.8572000265,t2.xlarge,25766,0.2614 0.551 0.686 0.7614 0.7984 0.81 0.8306 0.8352 0.849 0.8492 0.8572
5bb8b5dd0905fb057fa28097,4,2018-10-06 13:17:18,0.0001,256,async,60.21152306,1,0.8748000264,t2.xlarge,4587,0.8432 0.8748
5bb8b6000905fb05a8913ab8,4,2018-10-06 13:17:53,0.001,256,async,30.11387706,1,0.8952000141,t2.xlarge,2331,0.8952
5bb8b85f0905fb05cc7e65bc,4,2018-10-06 13:27:59,0.00001,16,async,602.2828732,1,0.8379999995,t2.xlarge,49166,0.2564 0.4114 0.5268 0.6306 0.6704 0.7104 0.7448 0.748 0.7728 0.7764 0.7926 0.8018 0.8074 0.8188 0.8166 0.8304 0.8346 0.8322 0.8386 0.8396
5bb8b8bf0905fb0609446d80,4,2018-10-06 13:29:35,0.0001,16,async,90.50851202,1,0.8524000049,t2.xlarge,7726,0.769 0.8234 0.8524
5bb8b8e10905fb06325fa49d,4,2018-10-06 13:30:09,0.001,16,async,30.10248804,1,0.864199996,t2.xlarge,2272,0.8642
5bb8ba7898be100549c397af,8,2018-10-06 13:36:56,0.00001,256,async,301.4766791,1,0.8565999866,t2.xlarge,25249,0.439 0.644 0.7396 0.7892 0.81 0.8336 0.846 0.8434 0.8496 0.8566
5bb8bab998be10057641cef2,8,2018-10-06 13:38:01,0.0001,256,async,60.43429995,1,0.8715999722,t2.xlarge,5240,0.8468 0.8716
5bb8badc98be100599d12dda,8,2018-10-06 13:38:36,0.001,256,async,30.16923189,1,0.8907999992,t2.xlarge,2665,0.8908
5bb8bd3b98be1005c347718f,8,2018-10-06 13:48:44,0.00001,16,async,602.93806,1,0.8370000124,t2.xlarge,51958,0.2916 0.4458 0.5598 0.632 0.6802 0.7104 0.7432 0.7542 0.769 0.7836 0.7882 0.803 0.8118 0.8112 0.8184 0.8228 0.8208 0.835 0.8362 0.8356
5bb8bd9b98be10060353ea73,8,2018-10-06 13:50:19,0.0001,16,async,90.42079091,1,0.8579999804,t2.xlarge,7656,0.7698 0.833 0.858
5bb8bddb98be10062d86d8e7,8,2018-10-06 13:51:24,0.001,16,async,60.26333499,1,0.8704000115,t2.xlarge,5096,0.8416 0.8704
5bbb2444c62ca40535c04cd5,32,2018-10-08 9:32:53,0.00001,256,async,364.545759,1,0.8514000177,t2.small,18047,0.363 0.6424 0.7426 0.7928 0.8174 0.8288 0.8416 0.833 0.8334 0.849 0.8356 0.8514
5bbb2581c62ca405578a597b,32,2018-10-08 9:38:09,0.0001,256,async,311.1998219,1,0.8715999722,t2.small,4319,0.5514 0.7076 0.7696 0.7948 0.8052 0.8392 0.8346 0.8482 0.8358 0.8716
5bbb25a8c62ca40576386eae,32,2018-10-08 9:38:48,0.001,256,async,31.20213795,1,0.8525999784,t2.small,495,0.8526
5bbb2826c62ca40590294454,32,2018-10-08 9:49:26,0.00001,16,async,630.7389259,1,0.5654000044,t2.small,8684,0.0904 0.1112 0.1458 0.1806 0.2164 0.2432 0.2774 0.3182 0.3474 0.3796 0.4026 0.4254 0.4494 0.473 0.4962 0.5056 0.5322 0.5366 0.5638 0.562
5bbb2a08c62ca405c362bfef,32,2018-10-08 9:57:28,0.0001,16,async,476.7059801,1,0.851000011,t2.small,6567,0.3884 0.5826 0.6648 0.7026 0.7472 0.7684 0.7904 0.7906 0.8052 0.8174 0.8246 0.8302 0.8428 0.842 0.851
5bbb2a8bc62ca405f725ab56,32,2018-10-08 9:59:39,0.001,16,async,123.826201,1,0.8629999757,t2.small,1765,0.7414 0.8404 0.7926 0.863
5bbc77e7503d980548b3d145,12,2018-10-09 9:41:59,0.00001,256,async,301.3180339,1,0.8686000109,t2.xlarge,26751,0.415 0.6542 0.7448 0.795 0.8154 0.835 0.845 0.8468 0.8436 0.8686
5bbc7809503d98057a7fbe40,12,2018-10-09 9:42:34,0.0001,256,async,30.18729997,1,0.8536000252,t2.xlarge,2681,0.8536
5bbc782d503d98059efb3f30,12,2018-10-09 9:43:09,0.001,256,async,30.16990614,1,0.8980000019,t2.xlarge,2643,0.898
5bbc7a8c503d9805c73ded5d,12,2018-10-09 9:53:17,0.00001,16,async,602.6633182,1,0.8309999704,t2.xlarge,51319,0.1608 0.3342 0.4706 0.5644 0.6256 0.6772 0.7044 0.7402 0.76 0.7726 0.7818 0.7962 0.807 0.8036 0.8122 0.819 0.8162 0.8326 0.8322 0.8328
5bbc7aec503d980607d19048,12,2018-10-09 9:54:53,0.0001,16,async,90.48013496,1,0.8560000062,t2.xlarge,7645,0.7732 0.8352 0.856
5bbc7b2c503d98063295849e,12,2018-10-09 9:55:57,0.001,16,async,60.30555201,1,0.8787999749,t2.xlarge,5120,0.8424 0.8788
5bbc7c75233eb9054d40ccc3,16,2018-10-09 10:01:25,0.00001,256,async,211.184164,1,0.8560000062,t2.xlarge,18546,0.4322 0.671 0.7576 0.8114 0.8222 0.8462 0.856
5bbc7cb5233eb90579a100b5,16,2018-10-09 10:02:30,0.0001,256,async,60.40474105,1,0.8708000183,t2.xlarge,5289,0.8472 0.8708
5bbc7cd8233eb905a0c8f5f3,16,2018-10-09 10:03:05,0.001,256,async,30.18061185,1,0.8537999988,t2.xlarge,2372,0.8538
5bbc7f39233eb905c6ee9eea,16,2018-10-09 10:13:13,0.00001,16,async,603.08583,1,0.8389999866,t2.xlarge,52206,0.2472 0.4276 0.5534 0.6494 0.6912 0.7238 0.743 0.7644 0.7778 0.7912 0.7952 0.8094 0.8086 0.8226 0.8266 0.8258 0.8306 0.8358 0.8366 0.8398
5bbc7fb7233eb9060795f2e2,16,2018-10-09 10:15:19,0.0001,16,async,120.7042711,1,0.8636000156,t2.xlarge,10322,0.7678 0.8254 0.8478 0.8636
5bbc7fd9233eb90630b63151,16,2018-10-09 10:15:53,0.001,16,async,30.17396283,1,0.8769999743,t2.xlarge,2630,0.877
5bbc8c1e6c93b0052844537b,4,2018-10-09 11:08:14,0.00001,256,async,361.6518791,1,0.8555999994,t2.medium,19158,0.2662 0.4896 0.6342 0.7126 0.765 0.7876 0.8028 0.8272 0.8408 0.8336 0.8458 0.8556
5bbc8c5e6c93b005638b81e1,4,2018-10-09 11:09:19,0.0001,256,async,60.33235812,1,0.8647999763,t2.medium,3521,0.813 0.8648
5bbc8c816c93b005834d5a76,4,2018-10-09 11:09:54,0.001,256,async,30.16981101,1,0.8615999818,t2.medium,1442,0.8616
5bbc8ee26c93b005a4ed8572,4,2018-10-09 11:20:03,0.00001,16,async,603.422174,1,0.7504000068,t2.medium,20576,0.1672 0.3022 0.4032 0.4546 0.5258 0.5682 0.5866 0.6304 0.6476 0.651 0.6586 0.6944 0.6804 0.7168 0.7138 0.7228 0.7314 0.7386 0.7406 0.749
5bbc8fd86c93b006126d50eb,4,2018-10-09 11:24:08,0.0001,16,async,241.400878,1,0.8575999737,t2.medium,6865,0.5876 0.705 0.768 0.801 0.8224 0.8296 0.8392 0.8576
5bbc90196c93b0064a5920fd,4,2018-10-09 11:25:14,0.001,16,async,60.43280196,1,0.872600019,t2.medium,1818,0.841 0.8726
5bbd107c70f01b052583103a,8,2018-10-09 20:33:01,0.00001,256,async,271.585717,1,0.8575999737,t2.medium,18058,0.284 0.4902 0.6482 0.7372 0.7844 0.8226 0.8324 0.8452 0.8576
5bbd10dc70f01b054d2238b8,8,2018-10-09 20:34:36,0.0001,256,async,90.62404799,1,0.8586000204,t2.medium,3369,0.8134 0.8426 0.8586
5bbd10fe70f01b056f8037bf,8,2018-10-09 20:35:11,0.001,256,async,30.22355103,1,0.871999979,t2.medium,948,0.872
5bbd136070f01b058bc58f05,8,2018-10-09 20:45:21,0.00001,16,async,604.5793231,1,0.7264000177,t2.medium,16866,0.1076 0.1638 0.2218 0.2852 0.3406 0.3914 0.4466 0.4838 0.5208 0.5548 0.5842 0.6 0.621 0.6532 0.6626 0.6712 0.6884 0.6964 0.7064 0.7186
5bbd147570f01b05c6dd6d2c,8,2018-10-09 20:49:57,0.0001,16,async,272.253679,1,0.853399992,t2.medium,7651,0.5394 0.6976 0.7584 0.7908 0.8134 0.825 0.8358 0.8428 0.8534
5bbd149870f01b05ea51ab7c,8,2018-10-09 20:50:32,0.001,16,async,30.23373699,1,0.8555999994,t2.medium,957,0.8556
5bbdc8f611b6ee054bf51092,20,2018-10-10 9:40:07,0.00001,256,async,211.421088,1,0.8546000123,t2.xlarge,19678,0.46 0.6776 0.7606 0.816 0.8302 0.8466 0.8546
5bbdc93811b6ee05782b64c4,20,2018-10-10 9:41:12,0.0001,256,async,60.30160403,1,0.880400002,t2.xlarge,5529,0.8392 0.8804
5bbdc97811b6ee05a341b01e,20,2018-10-10 9:42:17,0.001,256,async,60.39253688,1,0.8506000042,t2.xlarge,5470,0.826 0.8506
5bbdcbdb11b6ee05cad2607a,20,2018-10-10 9:52:27,0.00001,16,async,604.8767309,1,0.8407999873,t2.xlarge,50529,0.2622 0.461 0.5912 0.6522 0.6956 0.7348 0.7498 0.7706 0.7814 0.7904 0.8048 0.8058 0.818 0.8186 0.8308 0.8256 0.8348 0.8386 0.8396 0.842
5bbdcc5811b6ee060b8d9020,20,2018-10-10 9:54:32,0.0001,16,async,120.9480371,1,0.8647999763,t2.xlarge,10099,0.756 0.8312 0.844 0.8648
5bbdcc7a11b6ee06343004b2,20,2018-10-10 9:55:07,0.001,16,async,30.38034606,1,0.8690000176,t2.xlarge,2586,0.869
5bbe681696a9e0052275c247,16,2018-10-10 20:59:03,0.00001,256,async,362.6228919,1,0.8554000258,t2.medium,21320,0.4422 0.6714 0.7524 0.8002 0.8126 0.8358 0.829 0.8492 0.849 0.8428 0.843 0.8554
5bbe687696a9e0054a71a024,16,2018-10-10 21:00:39,0.0001,256,async,90.64857912,1,0.8525999784,t2.medium,2646,0.74 0.8218 0.8526
5bbe68b896a9e0056cf2ce0e,16,2018-10-10 21:01:45,0.001,256,async,60.89171505,1,0.8931999803,t2.medium,1817,0.7794 0.8932
5bbe6b1e96a9e0058da53be0,16,2018-10-10 21:11:58,0.00001,16,async,607.863302,1,0.6024000049,t2.medium,16897,0.173 0.2192 0.2568 0.297 0.3256 0.3686 0.3972 0.4116 0.4412 0.462 0.4868 0.5062 0.5286 0.5312 0.5446 0.5736 0.582 0.5834 0.603 0.606
5bbe6c5296a9e005c5d345da,16,2018-10-10 21:17:07,0.0001,16,async,304.1803191,1,0.8629999757,t2.medium,8495,0.5616 0.7124 0.7664 0.794 0.8174 0.8338 0.8408 0.8418 0.8488 0.863
5bbe6c7696a9e005ed094fa6,16,2018-10-10 21:17:42,0.001,16,async,30.44285703,1,0.8532000184,t2.medium,978,0.8532
5bbf18ee1d750d0556128190,24,2018-10-11 9:33:35,0.00001,256,async,181.086051,1,0.8574000001,t2.xlarge,17736,0.5352 0.7074 0.7936 0.8096 0.8302 0.8574
5bbf192f1d750d0583fa3239,24,2018-10-11 9:34:39,0.0001,256,async,60.43343306,1,0.8790000081,t2.xlarge,5555,0.8484 0.879
5bbf19ad1d750d05aac8c650,24,2018-10-11 9:36:45,0.001,256,async,120.7429659,1,0.8952000141,t2.xlarge,10529,0.8222 0.8442 0.8442 0.8952
5bbf1c0d1d750d05d6e2270c,24,2018-10-11 9:46:54,0.00001,16,async,603.028013,1,0.8384000063,t2.xlarge,50841,0.2708 0.4726 0.5826 0.6442 0.6898 0.7252 0.748 0.76 0.7732 0.7824 0.7998 0.798 0.814 0.8082 0.8186 0.824 0.8278 0.8344 0.8366 0.8398
5bbf1c8b1d750d061d678dff,24,2018-10-11 9:49:00,0.0001,16,async,120.5876489,1,0.864199996,t2.xlarge,10207,0.763 0.8212 0.84 0.8642
5bbf1cae1d750d064a14c137,24,2018-10-11 9:49:35,0.001,16,async,30.2378819,1,0.8776000142,t2.xlarge,2540,0.8776
5bbf1e0fc6c70805495cf731,28,2018-10-11 9:55:28,0.00001,256,async,241.7319729,1,0.8547999859,t2.xlarge,22506,0.4328 0.6496 0.7478 0.8058 0.8208 0.8352 0.8424 0.8548
5bbf1e33c6c7080578cb3a98,28,2018-10-11 9:56:03,0.0001,256,async,30.22457314,1,0.8507999778,t2.xlarge,2774,0.8508
5bbf1e56c6c70805a2a73b07,28,2018-10-11 9:56:39,0.001,256,async,30.27340412,1,0.8998000026,t2.xlarge,2764,0.8998
5bbf20b7c6c70805cc084c9f,28,2018-10-11 10:06:48,0.00001,16,async,604.8207119,1,0.8381999731,t2.xlarge,50549,0.1786 0.3608 0.5034 0.5882 0.6578 0.6876 0.7284 0.7402 0.7632 0.775 0.7884 0.7926 0.8082 0.8048 0.8146 0.8158 0.827 0.8192 0.8338 0.8266
5bbf2135c6c708060a6ee77d,28,2018-10-11 10:08:54,0.0001,16,async,120.8827522,1,0.8647999763,t2.xlarge,10175,0.7696 0.836 0.8486 0.8648
5bbf2158c6c708063424a841,28,2018-10-11 10:09:28,0.001,16,async,30.22832298,1,0.885800004,t2.xlarge,2619,0.8858
5bbf291afabc31054b665bb3,48,2018-10-11 10:42:35,0.00001,256,async,457.528372,1,0.8507999778,t2.small,19461,0.4642 0.658 0.7444 0.7912 0.818 0.8216 0.8362 0.8352 0.8444 0.84 0.8418 0.8464 0.8432 0.8494 0.8508
5bbf2a0dfabc310577ed0346,48,2018-10-11 10:46:37,0.0001,256,async,232.2603588,1,0.8525999784,t2.small,3279,0.5652 0.6884 0.7768 0.7862 0.8048 0.8152 0.8526
5bbf2a52fabc310598f5292f,48,2018-10-11 10:47:47,0.001,256,async,61.82992291,1,0.8826000094,t2.small,891,0.7118 0.8826
5bbf2cbafabc3105b247facc,48,2018-10-11 10:58:02,0.00001,16,async,607.5633039,1,0.5727999806,t2.small,8339,0.0898 0.1152 0.1362 0.1518 0.1842 0.2158 0.258 0.2826 0.3202 0.3646 0.3992 0.4206 0.4566 0.4686 0.4952 0.5204 0.5382 0.5528 0.5628
5bbf2f03fabc3105e6cf90d6,48,2018-10-11 11:07:48,0.0001,16,async,578.4153159,1,0.8583999872,t2.small,7960,0.3506 0.506 0.622 0.6856 0.7296 0.7598 0.775 0.7914 0.8118 0.808 0.8126 0.8304 0.8312 0.8398 0.8386 0.8498 0.8454 0.8584
5bbf2fadfabc31061ebec9b7,48,2018-10-11 11:10:37,0.001,16,async,161.196595,1,0.8654000163,t2.small,2252,0.7434 0.838 0.8472 0.8424 0.8654
5bbf320393b157052310ed14,64,2018-10-11 11:20:35,0.00001,256,async,430.271055,1,0.8537999988,t2.small,19094,0.2626 0.4788 0.6236 0.6948 0.7484 0.7852 0.7986 0.8176 0.8294 0.8398 0.8498 0.843 0.8452 0.8538
5bbf32ff93b157054dcf4610,64,2018-10-11 11:24:48,0.0001,256,async,243.7755492,1,0.8550000191,t2.small,3447,0.5952 0.6652 0.788 0.7964 0.7964 0.7508 0.8252 0.855
5bbf33eb93b157056fbc0c33,64,2018-10-11 11:28:44,0.001,256,async,227.415025,1,0.8855999708,t2.small,3172,0.7128 0.751 0.759 0.663 0.3562 0.7254 0.8856
5bbf366a93b1570595165b3c,64,2018-10-11 11:39:23,0.00001,16,async,629.0621819,1,0.5735999942,t2.small,8649,0.1154 0.1616 0.1964 0.2076 0.2394 0.2864 0.315 0.3408 0.3668 0.4038 0.4152 0.4588 0.4682 0.4968 0.517 0.5132 0.539 0.5602 0.5668
5bbf384093b15705cf8d2451,64,2018-10-11 11:47:12,0.0001,16,async,463.4668481,1,0.8546000123,t2.small,6358,0.3626 0.556 0.6414 0.7318 0.7568 0.7774 0.7896 0.8098 0.8078 0.8312 0.8342 0.8128 0.8366 0.8546
5bbf388993b15705f220490f,64,2018-10-11 11:48:25,0.001,16,async,64.34258008,1,0.8514000177,t2.small,926,0.5836 0.8514
5bbf3b458ac4d005491af51b,80,2018-10-11 12:00:05,0.00001,256,async,494.6554849,1,0.8600000143,t2.small,19932,0.4348 0.6322 0.7452 0.7834 0.8086 0.8268 0.8344 0.8422 0.8394 0.8446 0.8392 0.8476 0.8402 0.8494 0.8356 0.86
5bbf3cab8ac4d005734633a5,80,2018-10-11 12:06:03,0.0001,256,async,349.6007371,1,0.8644000292,t2.small,4856,0.5108 0.6582 0.6834 0.7208 0.7648 0.7914 0.8054 0.8216 0.778 0.831 0.8644
5bbf3d358ac4d0059a831214,80,2018-10-11 12:08:22,0.001,256,async,128.3348219,1,0.8654000163,t2.small,1792,0.5202 0.58 0.753 0.8654
5bbf3fa38ac4d005b82065e1,80,2018-10-11 12:18:43,0.00001,16,async,609.0613172,1,0.5583999753,t2.small,8424,0.1142 0.1306 0.1578 0.1896 0.2118 0.2396 0.2564 0.28 0.3124 0.347 0.3816 0.4046 0.435 0.4616 0.4842 0.5036 0.5262 0.5354 0.5628
5bbf418c8ac4d005f29edb20,80,2018-10-11 12:26:53,0.0001,16,async,477.41559,1,0.8515999913,t2.small,6640,0.4438 0.5736 0.6502 0.7162 0.7316 0.7566 0.782 0.7938 0.8066 0.8088 0.8052 0.8064 0.8306 0.8414 0.8516
5bbf437c8ac4d0061815f798,80,2018-10-11 12:35:09,0.001,16,async,477.6893122,1,0.8597999811,t2.small,6693,0.6742 0.7944 0.8412 0.7552 0.8474 0.8144 0.739 0.703 0.72 0.7738 0.7382 0.7568 0.7414 0.8252 0.8598
5bbf461305670905417c18d3,96,2018-10-11 12:46:12,0.00001,256,async,403.6385989,1,0.8500000238,t2.small,18644,0.4096 0.6112 0.718 0.764 0.794 0.8136 0.8344 0.832 0.8364 0.8452 0.8444 0.8458 0.85
5bbf47490567090573c59d9a,96,2018-10-11 12:51:22,0.0001,256,async,289.986464,1,0.8506000042,t2.small,4165,0.6018 0.6588 0.787 0.793 0.8114 0.817 0.8084 0.7884 0.8506
5bbf488405670905998e1338,96,2018-10-11 12:56:36,0.001,256,async,295.3944559,1,0.888800025,t2.small,4209,0.5716 0.6784 0.737 0.6304 0.5886 0.5696 0.6176 0.794 0.8888
5bbf4afc05670905c6142b74,96,2018-10-11 13:07:08,0.00001,16,async,615.4029181,1,0.6047999859,t2.small,8538,0.1852 0.216 0.2714 0.303 0.3338 0.3628 0.389 0.4088 0.4298 0.4622 0.4732 0.5072 0.5248 0.5384 0.55 0.5722 0.5816 0.5964 0.6122
5bbf4d3605670905f143ada4,96,2018-10-11 13:16:38,0.0001,16,async,555.8846729,1,0.8565999866,t2.small,7730,0.4462 0.586 0.6736 0.7068 0.7514 0.7738 0.7552 0.7982 0.8192 0.8186 0.8194 0.8232 0.8022 0.766 0.8168 0.8404 0.8566
5bbf4ecb05670906276e6487,96,2018-10-11 13:23:24,0.001,16,async,391.557462,1,0.8795999885,t2.small,5459,0.6662 0.7714 0.7374 0.7954 0.8496 0.8002 0.7462 0.6354 0.493 0.4512 0.8462 0.8796
5bbf50e20bce310523416388,112,2018-10-11 13:32:19,0.00001,256,async,283.4386141,1,0.8569999933,t2.small,16977,0.386 0.6202 0.719 0.7568 0.7964 0.8142 0.8284 0.8432 0.857
5bbf526c0bce310542a6c969,112,2018-10-11 13:38:52,0.0001,256,async,380.0905731,1,0.8723999858,t2.small,5304,0.5498 0.611 0.6936 0.7522 0.7662 0.794 0.8244 0.7984 0.7232 0.7696 0.8468 0.8724
5bbf53d20bce310565de02d6,112,2018-10-11 13:44:50,0.001,256,async,337.6804528,1,0.8555999994,t2.small,4796,0.4084 0.6496 0.6082 0.7334 0.5846 0.4132 0.4826 0.5288 0.8078 0.8556
5bbf56410bce31058b180fe1,112,2018-10-11 13:55:14,0.00001,16,async,608.165143,1,0.5694000125,t2.small,8409,0.1238 0.1662 0.1994 0.2316 0.2716 0.3046 0.3368 0.3604 0.3814 0.4084 0.433 0.4462 0.4728 0.4874 0.5118 0.5168 0.5334 0.5566 0.5572
5bbf586a0bce3105c43473b4,112,2018-10-11 14:04:26,0.0001,16,async,537.6328199,1,0.8511999846,t2.small,7436,0.417 0.5542 0.6662 0.7074 0.7074 0.7282 0.7694 0.7862 0.8324 0.819 0.7986 0.7832 0.8204 0.8078 0.8142 0.8512
5bbf59f90bce3105efa3fff9,112,2018-10-11 14:11:05,0.001,16,async,385.2445471,1,0.8835999966,t2.small,5388,0.6104 0.5912 0.7922 0.7532 0.8454 0.7916 0.6056 0.526 0.4574 0.7412 0.8086 0.8836
5bbf7c5f43ef0b052429e516,24,2018-10-11 16:37:51,0.00001,256,async,273.2276621,1,0.850399971,t2.medium,17305,0.4252 0.6658 0.7384 0.7822 0.8176 0.8332 0.8388 0.8474 0.8504
5bbf7cbf43ef0b05511aab16,24,2018-10-11 16:39:28,0.0001,256,async,91.04141521,1,0.8515999913,t2.medium,2664,0.7484 0.8192 0.8516
5bbf7d2043ef0b057310d0ee,24,2018-10-11 16:41:04,0.001,256,async,91.1215589,1,0.8885999918,t2.medium,4100,0.8078 0.732 0.8886
5bbf7f8743ef0b059256d1e1,24,2018-10-11 16:51:19,0.00001,16,async,609.3546829,1,0.717599988,t2.medium,16958,0.148 0.1868 0.214 0.261 0.3198 0.3702 0.427 0.472 0.526 0.5436 0.5688 0.5964 0.6146 0.634 0.6474 0.6666 0.676 0.6946 0.714 0.7058
5bbf80bb43ef0b05c9816dda,24,2018-10-11 16:56:27,0.0001,16,async,302.882025,1,0.8555999994,t2.medium,8522,0.5744 0.7038 0.7576 0.7974 0.8186 0.8258 0.8454 0.8414 0.8492 0.8556
5bbf80fd43ef0b05fec2f58b,24,2018-10-11 16:57:34,0.001,16,async,60.90457702,1,0.8546000123,t2.medium,1812,0.8084 0.8546
5bbf82f3afc585052c2e0e2a,32,2018-10-11 17:05:56,0.00001,256,async,365.4426892,1,0.8521999717,t2.medium,21412,0.4778 0.66 0.7628 0.788 0.8192 0.8294 0.8338 0.8372 0.8412 0.8448 0.8482 0.8522
5bbf8392afc585055a66b325,32,2018-10-11 17:08:34,0.0001,256,async,153.1166818,1,0.8691999912,t2.medium,3920,0.7434 0.8192 0.8484 0.848 0.8692
5bbf83d5afc585057e893273,32,2018-10-11 17:09:42,0.001,256,async,61.21535206,1,0.8683999777,t2.medium,1608,0.8494 0.8684
5bbf863cafc58505a237646a,32,2018-10-11 17:19:57,0.00001,16,async,608.4254448,1,0.7095999718,t2.medium,17607,0.119 0.1706 0.2272 0.279 0.3438 0.3868 0.4412 0.4812 0.5228 0.5402 0.5732 0.5942 0.609 0.641 0.65 0.6662 0.6856 0.6846 0.7088 0.7076
5bbf8738afc58505de3b06ac,32,2018-10-11 17:24:08,0.0001,16,async,244.7867179,1,0.8519999981,t2.medium,6701,0.5678 0.7046 0.7734 0.8028 0.8252 0.8342 0.8456 0.852
5bbf877bafc58506066b2647,32,2018-10-11 17:25:15,0.001,16,async,61.03948593,1,0.8805999756,t2.medium,1833,0.8268 0.8806
5bbf891752fd9c053304fd59,40,2018-10-11 17:32:07,0.00001,256,async,248.064054,1,0.8551999927,t2.medium,20317,0.4224 0.662 0.747 0.806 0.8192 0.8408 0.842 0.8552
5bbf893b52fd9c055cbe5330,40,2018-10-11 17:32:44,0.0001,256,async,31.14920306,1,0.8532000184,t2.medium,2549,0.8532
5bbf897e52fd9c057c299077,40,2018-10-11 17:33:51,0.001,256,async,61.72751904,1,0.9100000262,t2.medium,6040,0.8294 0.91
5bbf8be352fd9c059d5fc587,40,2018-10-11 17:44:04,0.00001,16,async,607.322767,1,0.7896000147,t2.medium,28117,0.2204 0.2928 0.4276 0.5654 0.6298 0.681 0.7094 0.7292 0.74 0.7432 0.7506 0.7674 0.7632 0.7696 0.774 0.7788 0.7902 0.7766 0.7898 0.7894
5bbf8d1952fd9c05d3bf25c0,40,2018-10-11 17:49:14,0.0001,16,async,303.6435449,1,0.8561999798,t2.medium,8551,0.5714 0.705 0.7646 0.7872 0.814 0.8198 0.8424 0.8358 0.8476 0.8562
5bbf8d5e52fd9c05fd9fc197,40,2018-10-11 17:50:22,0.001,16,async,62.21445107,1,0.8601999879,t2.medium,1860,0.7696 0.8602
5bbf8f7d1056700528a8744d,48,2018-10-11 17:59:25,0.00001,256,async,364.456023,1,0.8525999784,t2.medium,21643,0.3836 0.6158 0.7234 0.7702 0.8072 0.8224 0.8298 0.8448 0.8404 0.8494 0.8492 0.8526
5bbf8fdf105670055539d4eb,48,2018-10-11 18:01:04,0.0001,256,async,91.27772403,1,0.8733999729,t2.medium,4669,0.7224 0.815 0.8734
5bbf90411056700578be7898,48,2018-10-11 18:02:42,0.001,256,async,92.663867,1,0.8575999737,t2.medium,2889,0.765 0.762 0.8576
5bbf92ab1056700597d6757f,48,2018-10-11 18:12:59,0.00001,16,async,610.8679621,1,0.7077999711,t2.medium,16755,0.212 0.2632 0.2884 0.3272 0.3744 0.4164 0.4536 0.4842 0.5096 0.5392 0.5676 0.5954 0.6092 0.6398 0.6486 0.6766 0.6914 0.6852 0.7016 0.7134
5bbf93a710567005cc648903,48,2018-10-11 18:17:11,0.0001,16,async,245.0513859,1,0.850399971,t2.medium,7261,0.535 0.6894 0.7542 0.7974 0.8244 0.8412 0.836 0.8504
5bbf93ea10567005f7a956c5,48,2018-10-11 18:18:19,0.001,16,async,61.30065203,1,0.8514000177,t2.medium,1707,0.8026 0.8514
5bbf95ac559e3b052fd3995d,56,2018-10-11 18:25:49,0.00001,256,async,302.9826188,1,0.8555999994,t2.medium,18408,0.3316 0.5438 0.6702 0.7364 0.78 0.8058 0.822 0.8346 0.8366 0.8556
5bbf95ee559e3b055c1c3680,56,2018-10-11 18:26:55,0.0001,256,async,60.45807385,1,0.8519999981,t2.medium,3218,0.78 0.852
5bbf9613559e3b057d09cfff,56,2018-10-11 18:27:31,0.001,256,async,31.45998502,1,0.8654000163,t2.medium,1013,0.8654
5bbf987d559e3b059a19f915,56,2018-10-11 18:37:50,0.00001,16,async,612.9731412,1,0.7160000205,t2.medium,17044,0.1328 0.159 0.2096 0.275 0.3354 0.402 0.435 0.4972 0.519 0.5562 0.5786 0.6048 0.6238 0.6414 0.6574 0.6742 0.691 0.6906 0.7056 0.716
5bbf9959559e3b05d24ccead,56,2018-10-11 18:41:29,0.0001,16,async,213.0640059,1,0.851000011,t2.medium,5998,0.5876 0.7156 0.7754 0.8108 0.826 0.8376 0.851
5bbf99bc559e3b05f9719f35,56,2018-10-11 18:43:08,0.001,16,async,92.45605397,1,0.8679999709,t2.medium,2663,0.8112 0.8054 0.868
5bc0786f9065fe0530c30fe9,4,2018-10-12 10:33:19,0.00001,256,sync,602.582195,1,0.6804000139,t2.medium,4591,0.1536 0.1834 0.2174 0.2468 0.2876 0.3294 0.3624 0.3972 0.4266 0.4626 0.4852 0.5226 0.5448 0.5636 0.5884 0.6054 0.6236 0.65 0.6678 0.6752
5bc079bf9065fe055f86e966,4,2018-10-12 10:38:55,0.0001,256,sync,331.4727089,1,0.8575999737,t2.medium,2376,0.3426 0.566 0.6832 0.7412 0.78 0.8086 0.8142 0.8408 0.8466 0.843 0.8576
5bc07a009065fe0589070cea,4,2018-10-12 10:40:01,0.001,256,sync,60.2712791,1,0.875,t2.medium,407,0.8316 0.875
5bc07c619065fe05a7de9bbe,4,2018-10-12 10:50:09,0.00001,16,sync,603.0277281,1,0.4693999887,t2.medium,4143,0.1094 0.1118 0.1178 0.1304 0.1362 0.1546 0.166 0.1928 0.21 0.2286 0.244 0.2824 0.2948 0.3352 0.3542 0.3798 0.3966 0.4262 0.4492 0.4612
5bc07ec09065fe05e78735f7,4,2018-10-12 11:00:17,0.0001,16,sync,603.0360079,1,0.8352000117,t2.medium,3519,0.2198 0.4074 0.5546 0.6288 0.6926 0.7126 0.7496 0.7548 0.7736 0.7884 0.7924 0.8044 0.8036 0.8246 0.8268 0.8248 0.8258 0.839 0.8342 0.8438
5bc07f1f9065fe0616c7ddfc,4,2018-10-12 11:01:52,0.001,16,sync,90.49403214,1,0.8569999933,t2.medium,509,0.7764 0.8328 0.857
5bc0824433e38a0536f6b921,8,2018-10-12 11:15:17,0.00001,256,sync,603.3512161,1,0.4548000097,t2.medium,3108,0.0782 0.0834 0.0894 0.1052 0.1234 0.1368 0.1682 0.1832 0.2138 0.249 0.2746 0.304 0.329 0.3492 0.3828 0.3852 0.4024 0.4332 0.4364 0.4542
5bc084a533e38a0568b72612,8,2018-10-12 11:25:26,0.0001,256,sync,604.269949,1,0.8320000172,t2.medium,1864,0.1406 0.2484 0.3816 0.4796 0.572 0.6474 0.6904 0.7042 0.7342 0.7628 0.7658 0.7898 0.7984 0.8072 0.8168 0.8238 0.8242 0.836 0.8334 0.8438
5bc0850433e38a05a08ed27e,8,2018-10-12 11:27:01,0.001,256,sync,90.5467689,1,0.8712000251,t2.medium,288,0.81 0.848 0.8712
5bc0876433e38a05bfd2d141,8,2018-10-12 11:37:09,0.00001,16,sync,603.3368621,1,0.3255999982,t2.medium,1862,0.1094 0.1172 0.121 0.1358 0.1358 0.1662 0.1722 0.1742 0.1894 0.1984 0.211 0.2244 0.2358 0.2522 0.2604 0.277 0.2872 0.306 0.3108 0.3388
5bc089c633e38a05fc8cb70f,8,2018-10-12 11:47:19,0.0001,16,sync,604.4674809,1,0.7982000113,t2.medium,1872,0.1538 0.2772 0.3882 0.4636 0.5384 0.58 0.632 0.6484 0.6742 0.702 0.7146 0.722 0.7348 0.7554 0.7614 0.77 0.7798 0.7806 0.7872 0.7982
5bc08a6133e38a062d6e773f,8,2018-10-12 11:49:54,0.001,16,sync,151.0283611,1,0.8597999811,t2.medium,473,0.7396 0.8104 0.837 0.8492 0.8598
5bc08d7aff6d34052ca3cc62,16,2018-10-12 12:03:06,0.00001,256,sync,604.229671,1,0.3179999888,t2.medium,1641,0.089 0.0984 0.1052 0.116 0.1352 0.1312 0.1498 0.1616 0.172 0.1942 0.1988 0.2272 0.2262 0.2544 0.2582 0.273 0.2826 0.2878 0.2988 0.3112
5bc08fdcff6d340561b9b626,16,2018-10-12 12:13:16,0.0001,256,sync,604.882252,1,0.7968000174,t2.medium,986,0.1264 0.203 0.2864 0.3724 0.4468 0.5072 0.5594 0.593 0.6318 0.6584 0.6948 0.6892 0.7176 0.7344 0.741 0.758 0.7566 0.7792 0.7718 0.7928
5bc09078ff6d340596798bb3,16,2018-10-12 12:15:52,0.001,256,sync,150.9837201,1,0.8578000069,t2.medium,249,0.6718 0.7858 0.8292 0.8326 0.8578
5bc092d8ff6d3405b7744011,16,2018-10-12 12:26:01,0.00001,16,sync,603.988785,1,0.1653999984,t2.medium,985,0.0652 0.0694 0.0756 0.0724 0.0824 0.0848 0.0944 0.0958 0.1002 0.1078 0.111 0.116 0.1172 0.129 0.1302 0.1392 0.1452 0.1432 0.1534 0.1594
5bc0953aff6d3405f70b1282,16,2018-10-12 12:36:10,0.0001,16,sync,604.6994901,1,0.7594000101,t2.medium,985,0.1442 0.219 0.2968 0.3672 0.4154 0.4886 0.5304 0.5576 0.5942 0.6142 0.6456 0.657 0.6724 0.6958 0.71 0.7146 0.7262 0.738 0.7458 0.7482
5bc09630ff6d3406286d1e8a,16,2018-10-12 12:40:16,0.001,16,sync,241.627367,1,0.8605999947,t2.medium,394,0.6366 0.7482 0.803 0.816 0.8316 0.8432 0.8448 0.8606
5bc099594ea5700528399c7a,24,2018-10-12 12:53:46,0.00001,256,sync,604.126982,1,0.2339999974,t2.medium,1076,0.0974 0.1088 0.1052 0.1204 0.1196 0.1318 0.134 0.142 0.1512 0.1536 0.1588 0.1682 0.172 0.1892 0.195 0.1978 0.1982 0.227 0.2264 0.2346
5bc09bbb4ea570055e99f0b5,24,2018-10-12 13:03:55,0.0001,256,sync,603.797209,1,0.7386000156,t2.medium,711,0.104 0.1608 0.2362 0.3146 0.3692 0.4226 0.4802 0.5098 0.544 0.5796 0.5912 0.637 0.6438 0.6652 0.674 0.6888 0.6936 0.7236 0.724 0.7348
5bc09c764ea5700594469967,24,2018-10-12 13:07:02,0.001,256,sync,182.2683642,1,0.8518000245,t2.medium,204,0.5652 0.7438 0.7834 0.8274 0.8418 0.8518
5bc09ed84ea57005b6f38f53,24,2018-10-12 13:17:13,0.00001,16,sync,605.7028611,1,0.1252000034,t2.medium,668,0.0874 0.0976 0.0976 0.093 0.0992 0.0908 0.0956 0.0956 0.0982 0.1002 0.1058 0.1064 0.1084 0.1106 0.1122 0.1188 0.1208 0.122 0.1318 0.1244
5bc0a13b4ea57005f98082e8,24,2018-10-12 13:27:24,0.0001,16,sync,605.435293,1,0.6449999809,t2.medium,671,0.099 0.1188 0.1434 0.1768 0.2164 0.2678 0.319 0.3574 0.3868 0.4366 0.4532 0.4986 0.5142 0.5474 0.5618 0.5822 0.5954 0.6184 0.6324 0.6432
5bc0a2514ea570062a5ca541,24,2018-10-12 13:32:01,0.001,16,sync,271.917676,1,0.8515999913,t2.medium,303,0.5404 0.693 0.7696 0.7974 0.816 0.8342 0.8492 0.8452 0.8516
5bc0a569abdf69052c3a487c,32,2018-10-12 13:45:14,0.00001,256,sync,604.539716,1,0.1915999949,t2.medium,827,0.1102 0.1216 0.1268 0.1162 0.133 0.1258 0.1406 0.1366 0.1468 0.1494 0.1572 0.1576 0.16 0.1706 0.1628 0.1888 0.1874 0.182 0.1932 0.1962
5bc0a7cbabdf690565cf1235,32,2018-10-12 13:55:24,0.0001,256,sync,604.423682,1,0.6858000159,t2.medium,523,0.1032 0.1464 0.1742 0.2318 0.2826 0.3252 0.3768 0.423 0.4604 0.4856 0.5212 0.547 0.5636 0.5944 0.6082 0.6326 0.6448 0.6608 0.6796 0.6808
5bc0a8c2abdf6905a2d9585d,32,2018-10-12 13:59:30,0.001,256,sync,241.8899429,1,0.8550000191,t2.medium,201,0.463 0.702 0.7658 0.7904 0.8118 0.8324 0.8358 0.855
5bc0ab24abdf6905cad49f06,32,2018-10-12 14:09:40,0.00001,16,sync,604.851182,1,0.0588000007,t2.medium,506,0.0398 0.0392 0.0392 0.0404 0.0394 0.043 0.0428 0.0416 0.0454 0.0424 0.0452 0.0488 0.0474 0.051 0.0526 0.0532 0.057 0.0558 0.0588 0.0596
5bc0ad86abdf69060b30a5a8,32,2018-10-12 14:19:51,0.0001,16,sync,605.3707192,1,0.6453999877,t2.medium,505,0.1424 0.1814 0.1876 0.2186 0.2438 0.277 0.316 0.3576 0.396 0.4264 0.4532 0.491 0.519 0.529 0.5568 0.5814 0.5958 0.6096 0.6234 0.6366
5bc0aed9abdf6906411a5799,32,2018-10-12 14:25:29,0.001,16,sync,333.4577348,1,0.853399992,t2.medium,277,0.3686 0.628 0.7176 0.764 0.7886 0.8102 0.819 0.832 0.842 0.8444 0.8534
5bc0d2865a2be2054da3e620,2,2018-10-12 16:57:42,0.00001,256,sync,602.602654,1,0.7882000208,t2.xlarge,8752,0.156 0.207 0.269 0.338 0.4018 0.4692 0.52 0.5594 0.5956 0.6338 0.6592 0.6818 0.698 0.721 0.731 0.7606 0.7684 0.7706 0.7876 0.791
5bc0d33f5a2be2058892bb1e,2,2018-10-12 17:00:47,0.0001,256,sync,180.5638258,1,0.8569999933,t2.xlarge,2544,0.6212 0.7528 0.8062 0.8368 0.8474 0.857
5bc0d3615a2be205ae04b38d,2,2018-10-12 17:01:22,0.001,256,sync,30.09976196,1,0.8741999865,t2.xlarge,442,0.8742
5bc0d5c05a2be205cf91723d,2,2018-10-12 17:11:29,0.00001,16,sync,601.8545389,1,0.7197999954,t2.xlarge,10863,0.0754 0.11 0.1724 0.2286 0.288 0.3398 0.3806 0.4422 0.4706 0.5244 0.5548 0.5768 0.61 0.6238 0.6564 0.6654 0.6814 0.6996 0.7068 0.7228
5bc0d6d45a2be2060c908edc,2,2018-10-12 17:16:05,0.0001,16,sync,270.78579,1,0.8518000245,t2.xlarge,4736,0.5234 0.6708 0.7514 0.794 0.8126 0.832 0.8458 0.8498 0.8518
5bc0d7155a2be20645c1bdb4,2,2018-10-12 17:17:09,0.001,16,sync,60.1822989,1,0.8737999797,t2.xlarge,1113,0.8348 0.8738
5bc0d9d5a12232054211c94d,4,2018-10-12 17:28:53,0.00001,256,sync,601.8933349,1,0.7328000069,t2.xlarge,5875,0.1 0.1432 0.191 0.2406 0.294 0.3426 0.3942 0.4326 0.4682 0.5154 0.536 0.5826 0.5962 0.6288 0.6488 0.6686 0.6844 0.6964 0.713 0.7248
5bc0daaca1223205870900ce,4,2018-10-12 17:32:28,0.0001,256,sync,210.704401,1,0.8514000177,t2.xlarge,2168,0.5344 0.7142 0.7872 0.8144 0.8368 0.8446 0.8514
5bc0dacea1223205af569254,4,2018-10-12 17:33:03,0.001,256,sync,30.11848807,1,0.8537999988,t2.xlarge,330,0.8538
5bc0dd2da1223205d49f0e6b,4,2018-10-12 17:43:09,0.00001,16,sync,601.9122069,1,0.6349999905,t2.xlarge,6241,0.1126 0.1568 0.1928 0.2218 0.2548 0.2976 0.322 0.3604 0.4014 0.4188 0.4638 0.4774 0.5144 0.5262 0.5604 0.565 0.6 0.5982 0.6136 0.6428
5bc0de7da12232060e540bdb,4,2018-10-12 17:48:46,0.0001,16,sync,330.9717729,1,0.8543999791,t2.xlarge,3754,0.474 0.6324 0.7226 0.7692 0.7962 0.81 0.8202 0.835 0.8392 0.8488 0.8544
5bc0debea1223206478b9d28,4,2018-10-12 17:49:50,0.001,16,sync,60.17505407,1,0.861800015,t2.xlarge,590,0.827 0.8618
5bc0e18e0233630547b22b52,8,2018-10-12 18:01:50,0.00001,256,sync,602.016773,1,0.575600028,t2.xlarge,3513,0.1278 0.152 0.168 0.1972 0.2272 0.2472 0.2892 0.3142 0.3528 0.3672 0.3902 0.4352 0.4538 0.4574 0.4838 0.511 0.5192 0.548 0.5536 0.5742
5bc0e2de0233630582dc919d,8,2018-10-12 18:07:26,0.0001,256,sync,331.164469,1,0.8539999723,t2.xlarge,2057,0.3808 0.5966 0.706 0.7552 0.7906 0.7976 0.819 0.824 0.8422 0.843 0.854
5bc0e31e02336305b2a60f52,8,2018-10-12 18:08:31,0.001,256,sync,60.181283,1,0.8727999926,t2.xlarge,389,0.8452 0.8728
5bc0e57d02336305d62cf41f,8,2018-10-12 18:18:37,0.00001,16,sync,602.0044141,1,0.4181999862,t2.xlarge,3563,0.0854 0.0818 0.0958 0.0996 0.1154 0.1256 0.1414 0.1514 0.1668 0.1868 0.203 0.2208 0.2504 0.2656 0.296 0.325 0.3346 0.3872 0.395 0.4174
5bc0e763023363061cbddfc2,8,2018-10-12 18:26:44,0.0001,16,sync,481.632668,1,0.851000011,t2.xlarge,2941,0.3302 0.5232 0.6136 0.6778 0.7234 0.753 0.7806 0.7848 0.7962 0.8184 0.8276 0.8226 0.8312 0.8404 0.841 0.851
5bc0e7c20233630653e23984,8,2018-10-12 18:28:19,0.001,16,sync,90.41412687,1,0.8655999899,t2.xlarge,589,0.8084 0.846 0.8656
5bc0ea9cea4dec0546deda66,12,2018-10-12 18:40:29,0.00001,256,sync,602.3287499,1,0.4451999962,t2.xlarge,2535,0.0618 0.0708 0.0886 0.102 0.1174 0.1434 0.1634 0.1816 0.206 0.2368 0.2564 0.2894 0.3036 0.3322 0.3474 0.378 0.3934 0.416 0.4376 0.4444
5bc0eca1ea4dec05869f58cd,12,2018-10-12 18:49:05,0.0001,256,sync,512.0490592,1,0.8518000245,t2.xlarge,2183,0.1832 0.3784 0.5236 0.621 0.6798 0.714 0.7526 0.7732 0.7918 0.804 0.8122 0.8292 0.8328 0.839 0.849 0.8458 0.8518
5bc0ece1ea4dec05c0e8a970,12,2018-10-12 18:50:10,0.001,256,sync,60.36132908,1,0.8525999784,t2.xlarge,258,0.8044 0.8526
5bc0ef41ea4dec05e601d3d8,12,2018-10-12 19:00:18,0.00001,16,sync,602.145546,1,0.2833999991,t2.xlarge,2481,0.0678 0.0752 0.0786 0.0894 0.0982 0.1054 0.1124 0.1278 0.1342 0.1494 0.1578 0.1716 0.1858 0.191 0.2078 0.2302 0.2356 0.2588 0.2666 0.287
5bc0f1a0ea4dec063106520c,12,2018-10-12 19:10:25,0.0001,16,sync,602.750684,1,0.8420000076,t2.xlarge,2591,0.2172 0.3932 0.4928 0.5788 0.6396 0.6774 0.7044 0.7394 0.75 0.771 0.7812 0.7956 0.8058 0.8048 0.8112 0.8222 0.8322 0.831 0.8392 0.8432
5bc0f200ea4dec066f2b5439,12,2018-10-12 19:12:01,0.001,16,sync,90.36465096,1,0.8605999947,t2.xlarge,386,0.784 0.8352 0.8606
5bc10664bc8d0b0570163c98,1,2018-10-12 20:39:01,0.00001,256,sync,602.1871538,1,0.8370000124,t2.2xlarge,13637,0.1138 0.1896 0.296 0.4092 0.4888 0.569 0.6222 0.6626 0.7012 0.7262 0.7558 0.7686 0.7848 0.7934 0.8126 0.806 0.8118 0.833 0.8292 0.839
5bc106e1bc8d0b05b3ccb80e,1,2018-10-12 20:41:06,0.0001,256,sync,120.282192,1,0.8629999757,t2.2xlarge,2723,0.6966 0.8142 0.8422 0.863
5bc10704bc8d0b05e27b71ff,1,2018-10-12 20:41:41,0.001,256,sync,30.08232188,1,0.8849999905,t2.2xlarge,706,0.885
5bc10962bc8d0b0612e4a397,1,2018-10-12 20:51:47,0.00001,16,sync,601.4625721,1,0.7390000224,t2.2xlarge,15218,0.1138 0.1688 0.2328 0.3042 0.391 0.4322 0.4918 0.5202 0.5554 0.5956 0.6198 0.6326 0.6524 0.6762 0.685 0.7032 0.7078 0.7242 0.7252 0.7446
5bc10a58bc8d0b065697882e,1,2018-10-12 20:55:52,0.0001,16,sync,240.5761209,1,0.8605999947,t2.2xlarge,6106,0.583 0.7208 0.7806 0.809 0.8212 0.8386 0.8426 0.8606
5bc10a99bc8d0b068dcac058,1,2018-10-12 20:56:58,0.001,16,sync,60.1488421,1,0.8596000075,t2.2xlarge,1545,0.8418 0.8596
5bc10d4434d9b60571d31472,2,2018-10-12 21:08:21,0.00001,256,sync,601.5311801,1,0.8327999711,t2.2xlarge,10975,0.1254 0.1882 0.2494 0.356 0.436 0.4998 0.5692 0.6178 0.6536 0.6928 0.7164 0.7444 0.7532 0.779 0.7836 0.8014 0.8024 0.8232 0.83 0.8216
5bc10de134d9b605c33a332b,2,2018-10-12 21:10:57,0.0001,256,sync,150.3985331,1,0.8647999763,t2.2xlarge,2789,0.5926 0.7764 0.82 0.8454 0.8648
5bc10e0434d9b605faa88b61,2,2018-10-12 21:11:33,0.001,256,sync,30.08090901,1,0.880400002,t2.2xlarge,544,0.8804
5bc1106234d9b60628ad6eef,2,2018-10-12 21:21:39,0.00001,16,sync,601.7317889,1,0.7458000183,t2.2xlarge,11731,0.1412 0.1998 0.2462 0.307 0.3692 0.4192 0.4618 0.5168 0.5502 0.581 0.6134 0.6282 0.6594 0.6712 0.6892 0.7022 0.7196 0.724 0.7254 0.7572
5bc1115834d9b6067879c04a,2,2018-10-12 21:25:45,0.0001,16,sync,240.6301792,1,0.8543999791,t2.2xlarge,4784,0.5278 0.6992 0.7636 0.7974 0.8174 0.8322 0.8382 0.8544
5bc1119a34d9b606c0fbbc8c,2,2018-10-12 21:26:50,0.001,16,sync,60.34977603,1,0.8741999865,t2.2xlarge,1185,0.8448 0.8742
5bc1cecda931a30547942e08,8,2018-10-13 10:54:06,0.00001,256,sync,604.8893712,1,0.4115999937,t2.small,2371,0.0894 0.1 0.1184 0.1284 0.1462 0.1586 0.1882 0.2034 0.23 0.2518 0.279 0.2976 0.3348 0.3374 0.3724 0.3804 0.3904 0.4048 0.4096 0.4142
5bc1d130a931a3057762e638,8,2018-10-13 11:04:16,0.0001,256,sync,605.727514,1,0.7480000257,t2.small,926,0.0926 0.1364 0.207 0.2592 0.3358 0.4032 0.4694 0.5118 0.5534 0.591 0.6116 0.6408 0.6626 0.6756 0.6968 0.7076 0.7198 0.7324 0.7428 0.7534
5bc1d1eaa931a305a7f688a6,8,2018-10-13 11:07:22,0.001,256,sync,181.630888,1,0.8615999818,t2.small,281,0.6256 0.7678 0.814 0.842 0.8498 0.8616
5bc1d44da931a305c3e609d1,8,2018-10-13 11:17:34,0.00001,16,sync,606.3665011,1,0.1527999938,t2.small,928,0.0914 0.099 0.0966 0.096 0.096 0.1042 0.1028 0.1074 0.1034 0.1182 0.1142 0.1194 0.1182 0.1302 0.1286 0.1376 0.1368 0.1402 0.1438 0.1526
5bc1d6afa931a305fd328343,8,2018-10-13 11:27:44,0.0001,16,sync,605.8113801,1,0.7056000233,t2.small,927,0.1014 0.1192 0.162 0.2098 0.2432 0.2916 0.3402 0.391 0.4382 0.4844 0.5226 0.5514 0.581 0.5946 0.6274 0.633 0.6542 0.6656 0.693 0.6902
5bc1d7a6a931a3062ce986e4,8,2018-10-13 11:31:51,0.001,16,sync,242.622422,1,0.8518000245,t2.small,374,0.6158 0.7298 0.7806 0.815 0.8216 0.8336 0.84 0.8518
5bc1da8e62075f052300e3c2,16,2018-10-13 11:44:14,0.00001,256,sync,605.3480179,1,0.3147999942,t2.small,1249,0.1522 0.163 0.1712 0.1824 0.1962 0.2034 0.2114 0.2352 0.2448 0.251 0.2602 0.2744 0.2818 0.2886 0.2962 0.302 0.3056 0.3062 0.3032 0.3202
5bc1dcf462075f055500531d,16,2018-10-13 11:54:28,0.0001,256,sync,607.1204491,1,0.6711999774,t2.small,493,0.1426 0.1608 0.1922 0.2536 0.3012 0.341 0.372 0.428 0.4474 0.496 0.5018 0.546 0.5582 0.5834 0.5902 0.6258 0.6242 0.648 0.6596 0.6682
5bc1dded62075f0586dc424a,16,2018-10-13 11:58:37,0.001,256,sync,243.2455642,1,0.8579999804,t2.small,198,0.5028 0.6908 0.7644 0.8046 0.8188 0.838 0.8438 0.858
5bc1e05362075f05a88c5c17,16,2018-10-13 12:08:51,0.00001,16,sync,607.6787519,1,0.09920000285,t2.small,493,0.0968 0.092 0.0936 0.093 0.0894 0.0946 0.0932 0.0928 0.0882 0.0978 0.0914 0.0924 0.0934 0.0922 0.0896 0.0972 0.0922 0.0956 0.0892 0.1016
5bc1e2b862075f05e0ed2a2c,16,2018-10-13 12:19:05,0.0001,16,sync,607.2680199,1,0.5950000286,t2.small,491,0.1322 0.1666 0.164 0.1988 0.2188 0.2616 0.296 0.3344 0.357 0.3936 0.4142 0.4486 0.4676 0.4968 0.5164 0.5238 0.547 0.5678 0.585 0.5884
5bc1e42d62075f06142d4351,16,2018-10-13 12:25:17,0.001,16,sync,366.3997071,1,0.855799973,t2.small,297,0.45 0.6684 0.73 0.7754 0.7852 0.8158 0.8158 0.8304 0.833 0.8444 0.8446 0.8558
5bc1e7fed6572b0575d03447,4,2018-10-13 12:41:34,0.00001,256,sync,601.5770991,1,0.7797999978,t2.2xlarge,7329,0.155 0.1882 0.2274 0.2894 0.3336 0.391 0.4418 0.497 0.5456 0.5554 0.607 0.6276 0.6576 0.684 0.7026 0.7194 0.7366 0.749 0.7584 0.7744
5bc1e8b8d6572b05be1f093d,4,2018-10-13 12:44:40,0.0001,256,sync,180.5074151,1,0.8554000258,t2.2xlarge,2101,0.5916 0.7362 0.804 0.8188 0.8484 0.8554
5bc1e8dbd6572b05f58431d4,4,2018-10-13 12:45:16,0.001,256,sync,30.09051585,1,0.8654000163,t2.2xlarge,369,0.8654
5bc1eb3ad6572b0628e19217,4,2018-10-13 12:55:23,0.00001,16,sync,601.5845358,1,0.685199976,t2.2xlarge,7539,0.1346 0.172 0.2216 0.259 0.3062 0.3506 0.3962 0.4222 0.4624 0.4926 0.5172 0.5508 0.5696 0.5958 0.614 0.6296 0.646 0.6604 0.6848 0.6738
5bc1ec6cd6572b0672d752d5,4,2018-10-13 13:00:29,0.0001,16,sync,300.8063519,1,0.853399992,t2.2xlarge,3762,0.4664 0.6482 0.724 0.7718 0.796 0.81 0.8296 0.8346 0.845 0.8534
5bc1ecaed6572b06bad5d7d1,4,2018-10-13 13:01:34,0.001,16,sync,60.14964414,1,0.8677999973,t2.2xlarge,766,0.8374 0.8678
5bc1ef745e47e70573fb1e2c,6,2018-10-13 13:13:24,0.00001,256,sync,601.6403689,1,0.5903999805,t2.2xlarge,4120,0.1286 0.1422 0.1604 0.1772 0.2086 0.2342 0.2736 0.2932 0.323 0.3654 0.3976 0.4172 0.4508 0.474 0.498 0.5278 0.5514 0.5656 0.5966 0.586
5bc1f0a55e47e705bdeca58f,6,2018-10-13 13:18:30,0.0001,256,sync,300.8460219,1,0.8619999886,t2.2xlarge,2351,0.4186 0.635 0.7268 0.766 0.7994 0.8174 0.832 0.842 0.8446 0.862
5bc1f0c75e47e706026d7291,6,2018-10-13 13:19:04,0.001,256,sync,30.08243084,1,0.8528000116,t2.2xlarge,245,0.8528
5bc1f3255e47e70631bd3788,6,2018-10-13 13:29:10,0.00001,16,sync,601.6931841,1,0.4681999981,t2.2xlarge,4069,0.1236 0.1408 0.1462 0.167 0.1848 0.2008 0.221 0.2432 0.2568 0.2778 0.3008 0.31 0.3436 0.3452 0.3836 0.3836 0.412 0.4312 0.4462 0.466
5bc1f50b5e47e7068702fb63,6,2018-10-13 13:37:16,0.0001,16,sync,481.3187902,1,0.8524000049,t2.2xlarge,3432,0.2244 0.4522 0.6182 0.6804 0.7366 0.7496 0.779 0.8024 0.8162 0.8166 0.8308 0.8298 0.8384 0.8454 0.8466 0.8524
5bc1f5895e47e706cdfdd715,6,2018-10-13 13:39:21,0.001,16,sync,120.3712871,1,0.878000021,t2.2xlarge,894,0.8104 0.842 0.8428 0.878
5bc1f84ee1a8f8056f26cfc0,8,2018-10-13 13:51:11,0.00001,256,sync,601.7637401,1,0.5271999836,t2.2xlarge,3593,0.0852 0.0958 0.0996 0.1244 0.1366 0.166 0.187 0.207 0.227 0.269 0.2848 0.3106 0.3358 0.3724 0.4008 0.4178 0.4498 0.4724 0.5016 0.5186
5bc1f981e1a8f805b58db44d,8,2018-10-13 13:56:17,0.0001,256,sync,300.925467,1,0.8583999872,t2.2xlarge,1840,0.3972 0.611 0.706 0.759 0.7876 0.8182 0.8344 0.8354 0.842 0.8584
5bc1f9c1e1a8f805f1e73a1e,8,2018-10-13 13:57:22,0.001,256,sync,60.23491979,1,0.8722000122,t2.2xlarge,362,0.8352 0.8722
5bc1fc20e1a8f80622638f26,8,2018-10-13 14:07:28,0.00001,16,sync,601.908577,1,0.518599987,t2.2xlarge,3588,0.1492 0.1646 0.1756 0.1982 0.209 0.2284 0.2518 0.2712 0.2942 0.3252 0.3556 0.3566 0.3952 0.4032 0.4394 0.436 0.4662 0.4786 0.5118 0.5024
5bc1fe24e1a8f806727ce6d1,8,2018-10-13 14:16:05,0.0001,16,sync,511.530746,1,0.8537999988,t2.2xlarge,3060,0.2386 0.46 0.5864 0.6642 0.7152 0.7402 0.7662 0.7882 0.8038 0.8036 0.8206 0.8264 0.8338 0.8376 0.8462 0.8448 0.8538
5bc1fe83e1a8f806b18942c9,8,2018-10-13 14:17:40,0.001,16,sync,90.43138099,1,0.8629999757,t2.2xlarge,569,0.7916 0.8402 0.863
5bc31695f9aaa4054ac36aca,16,2018-10-14 10:12:38,0.00001,256,sync,602.9289429,1,0.4063999951,t2.xlarge,1922,0.1034 0.1152 0.1318 0.1368 0.1606 0.1662 0.1812 0.2084 0.2204 0.2346 0.2532 0.2662 0.2836 0.3088 0.321 0.3428 0.3598 0.3712 0.3924 0.4038
5bc318d7f9aaa405886eb66e,16,2018-10-14 10:22:15,0.0001,256,sync,572.8658988,1,0.8532000184,t2.xlarge,1869,0.2422 0.3894 0.5118 0.59 0.6486 0.6988 0.7248 0.7568 0.7734 0.7824 0.7996 0.8092 0.8184 0.82 0.8322 0.8366 0.8442 0.8476 0.8532
5bc31936f9aaa405c7d7571b,16,2018-10-14 10:23:50,0.001,256,sync,90.48624897,1,0.8632000089,t2.xlarge,290,0.7984 0.8454 0.8632
5bc31b95f9aaa405ef0d594c,16,2018-10-14 10:33:57,0.00001,16,sync,602.717273,1,0.3246000111,t2.xlarge,1988,0.125 0.133 0.1342 0.1496 0.1484 0.1686 0.1714 0.1826 0.1872 0.201 0.205 0.2166 0.2222 0.2426 0.2554 0.2638 0.273 0.2998 0.305 0.3208
5bc31df5f9aaa40636ef84a6,16,2018-10-14 10:44:06,0.0001,16,sync,602.6243629,1,0.8223999739,t2.xlarge,1970,0.1672 0.3106 0.424 0.5238 0.5806 0.631 0.6634 0.6938 0.714 0.7446 0.7546 0.7628 0.7808 0.7816 0.7948 0.7972 0.8048 0.8148 0.8178 0.8252
5bc31e72f9aaa40672230604,16,2018-10-14 10:46:11,0.001,16,sync,120.5504739,1,0.8578000069,t2.xlarge,390,0.7404 0.821 0.8466 0.8578
5bc3226e6e11ec0580e3b7a2,10,2018-10-14 11:03:10,0.00001,256,sync,601.697691,1,0.4704000056,t2.2xlarge,3024,0.1102 0.1098 0.1284 0.1242 0.141 0.1606 0.1808 0.1804 0.2088 0.228 0.2556 0.276 0.2998 0.3282 0.352 0.3752 0.3896 0.4294 0.4398 0.4758
5bc324186e11ec05c6727bd4,10,2018-10-14 11:10:17,0.0001,256,sync,421.5795901,1,0.8543999791,t2.2xlarge,2173,0.331 0.5348 0.6454 0.7042 0.7442 0.774 0.7924 0.8102 0.8232 0.8324 0.8368 0.8474 0.8488 0.8544
5bc3245a6e11ec0606442ea1,10,2018-10-14 11:11:22,0.001,256,sync,60.40054989,1,0.8546000123,t2.2xlarge,317,0.8288 0.8546
5bc326b86e11ec063716f437,10,2018-10-14 11:21:29,0.00001,16,sync,601.9011629,1,0.4580000043,t2.2xlarge,3048,0.1272 0.1444 0.1482 0.1604 0.1768 0.1836 0.1982 0.2182 0.2306 0.2574 0.2732 0.2986 0.3234 0.332 0.3638 0.3844 0.4074 0.427 0.441 0.4648
5bc328f86e11ec068a2a0af9,10,2018-10-14 11:31:05,0.0001,16,sync,571.8172462,1,0.8524000049,t2.2xlarge,2941,0.2154 0.4194 0.5448 0.6328 0.682 0.7132 0.736 0.7688 0.7794 0.8 0.8082 0.8076 0.8232 0.8226 0.825 0.8412 0.842 0.8456 0.8524
5bc329586e11ec06cc3248bf,10,2018-10-14 11:32:41,0.001,16,sync,90.45022202,1,0.8555999994,t2.2xlarge,478,0.8044 0.834 0.8556
5bc32c2a3bf2790579a0d703,12,2018-10-14 11:44:43,0.00001,256,sync,601.991858,1,0.4762000144,t2.2xlarge,2587,0.1314 0.1458 0.1578 0.1698 0.1816 0.212 0.225 0.235 0.2616 0.2784 0.3038 0.3164 0.344 0.356 0.3778 0.3998 0.4158 0.4368 0.46 0.4736
5bc32db63bf27905c821f378,12,2018-10-14 11:51:19,0.0001,256,sync,391.170943,1,0.851000011,t2.2xlarge,1673,0.343 0.502 0.6102 0.6826 0.7366 0.7504 0.7792 0.8042 0.8052 0.83 0.8286 0.8422 0.851
5bc32df83bf27906097d7479,12,2018-10-14 11:52:24,0.001,256,sync,60.19855809,1,0.8529999852,t2.2xlarge,259,0.8164 0.853
5bc330573bf279063dc1975d,12,2018-10-14 12:02:31,0.00001,16,sync,602.420568,1,0.4325999916,t2.2xlarge,2518,0.1186 0.1268 0.1466 0.1454 0.163 0.1956 0.203 0.221 0.2336 0.2594 0.28 0.2988 0.3208 0.332 0.3492 0.3686 0.3748 0.4106 0.4246 0.4222
5bc332b53bf279068f4a2029,12,2018-10-14 12:12:37,0.0001,16,sync,601.7092149,1,0.8485999703,t2.2xlarge,2578,0.194 0.339 0.486 0.5928 0.6646 0.6804 0.7214 0.749 0.7652 0.7822 0.794 0.81 0.82 0.8168 0.827 0.8346 0.8418 0.8392 0.8474 0.8462
5bc333143bf27906d45eecf1,12,2018-10-14 12:14:12,0.001,16,sync,90.40295601,1,0.850399971,t2.2xlarge,394,0.7826 0.838 0.8504
5bc335ebd26dcd057732422b,14,2018-10-14 12:26:20,0.00001,256,sync,602.196475,1,0.3939999938,t2.2xlarge,2274,0.0822 0.0776 0.0912 0.093 0.1052 0.1148 0.1256 0.1516 0.1654 0.1894 0.2152 0.2226 0.2512 0.2772 0.2872 0.3202 0.3334 0.3574 0.3782 0.3884
5bc3380ed26dcd05c0df0c4f,14,2018-10-14 12:35:26,0.0001,256,sync,541.925802,1,0.8555999994,t2.2xlarge,2056,0.232 0.3918 0.5306 0.6158 0.674 0.7188 0.741 0.7664 0.785 0.7962 0.81 0.8192 0.8352 0.8282 0.8366 0.8486 0.8438 0.8556
5bc3384ed26dcd0605082097,14,2018-10-14 12:36:31,0.001,256,sync,60.18823004,1,0.8536000252,t2.2xlarge,237,0.806 0.8536
5bc33aaed26dcd063641402b,14,2018-10-14 12:46:38,0.00001,16,sync,602.0529239,1,0.3535999954,t2.2xlarge,2347,0.1016 0.112 0.1118 0.1212 0.1226 0.138 0.152 0.1462 0.1602 0.1828 0.194 0.2026 0.2212 0.2374 0.2642 0.2678 0.2868 0.3206 0.3308 0.355
5bc33d0cd26dcd0689a5f9a7,14,2018-10-14 12:56:45,0.0001,16,sync,601.9887121,1,0.8381999731,t2.2xlarge,2350,0.1898 0.3694 0.469 0.5712 0.6274 0.6622 0.696 0.7296 0.7486 0.7638 0.7728 0.7878 0.7924 0.8102 0.8202 0.815 0.8208 0.8328 0.8328 0.8406
5bc33d6bd26dcd06d0235889,14,2018-10-14 12:58:20,0.001,16,sync,90.46942496,1,0.8500000238,t2.2xlarge,348,0.7456 0.8222 0.85
5bc347cccba5c805534e31a8,20,2018-10-14 13:42:36,0.00001,256,sync,602.4652128,1,0.2592000067,t2.xlarge,1661,0.0886 0.095 0.1026 0.1058 0.1174 0.1182 0.1262 0.1438 0.1506 0.1538 0.1672 0.1684 0.184 0.1924 0.2046 0.2146 0.2258 0.235 0.2498 0.268
5bc34a2dcba5c8059f28ca5e,20,2018-10-14 13:52:45,0.0001,256,sync,602.7684681,1,0.8439999819,t2.xlarge,1606,0.1496 0.2864 0.4178 0.5224 0.5942 0.6528 0.6912 0.7168 0.7422 0.762 0.7772 0.7944 0.7958 0.817 0.812 0.8302 0.835 0.8326 0.845 0.8406
5bc34a8dcba5c805e19ee782,20,2018-10-14 13:54:21,0.001,256,sync,90.50227594,1,0.8550000191,t2.xlarge,234,0.7618 0.8218 0.855
5bc34cedcba5c8060e997f9e,20,2018-10-14 14:04:29,0.00001,16,sync,602.5562661,1,0.2626000047,t2.xlarge,1662,0.1304 0.1338 0.1356 0.1366 0.1386 0.145 0.1506 0.1488 0.1548 0.1654 0.1722 0.177 0.1754 0.2026 0.2026 0.2128 0.2214 0.2428 0.2502 0.263
5bc34f4ccba5c806570fa914,20,2018-10-14 14:14:37,0.0001,16,sync,602.516448,1,0.8162000179,t2.xlarge,1660,0.1382 0.2358 0.3526 0.4464 0.5328 0.5956 0.6508 0.6628 0.702 0.724 0.7464 0.7586 0.7726 0.7814 0.792 0.7962 0.8026 0.8154 0.8152 0.8218
5bc34fcbcba5c80691c3c7e9,20,2018-10-14 14:16:43,0.001,16,sync,120.8796082,1,0.8519999981,t2.xlarge,329,0.7222 0.8098 0.8408 0.852
5bc352a8629cca0548488b02,24,2018-10-14 14:28:57,0.00001,256,sync,603.065058,1,0.284799993,t2.xlarge,1355,0.1198 0.1274 0.1256 0.1336 0.1392 0.136 0.1458 0.1564 0.1554 0.1774 0.1822 0.1928 0.2012 0.2182 0.2288 0.2366 0.2496 0.2666 0.2812 0.2832
5bc35508629cca058feafd7a,24,2018-10-14 14:39:05,0.0001,256,sync,602.749325,1,0.8270000219,t2.xlarge,1370,0.1622 0.2726 0.4066 0.4988 0.583 0.6244 0.6584 0.7128 0.7212 0.747 0.7566 0.7746 0.7832 0.7878 0.8076 0.8002 0.8162 0.8152 0.8234 0.8272
5bc35585629cca05d07a4d04,24,2018-10-14 14:41:10,0.001,256,sync,120.6237628,1,0.8669999838,t2.xlarge,279,0.746 0.8316 0.8478 0.867
5bc357e5629cca05fcc0f903,24,2018-10-14 14:51:17,0.00001,16,sync,602.8214719,1,0.2406000048,t2.xlarge,1387,0.1122 0.1166 0.1196 0.1218 0.127 0.1362 0.138 0.1426 0.1472 0.1598 0.169 0.1664 0.184 0.181 0.1994 0.1982 0.2106 0.2258 0.2294 0.242
5bc35a45629cca064a665534,24,2018-10-14 15:01:25,0.0001,16,sync,603.427386,1,0.8080000281,t2.xlarge,1391,0.1608 0.2614 0.3798 0.4674 0.533 0.5888 0.6326 0.656 0.6942 0.6988 0.723 0.7326 0.7522 0.7578 0.777 0.7754 0.785 0.795 0.7952 0.8078
5bc35ac2629cca068c6fa01c,24,2018-10-14 15:03:31,0.001,16,sync,120.666121,1,0.8536000252,t2.xlarge,270,0.7262 0.8068 0.8344 0.8536
5bc35d9633ab790545f1d5c6,28,2018-10-14 15:15:34,0.00001,256,sync,602.7192731,1,0.150000006,t2.xlarge,1194,0.058 0.0578 0.0658 0.0648 0.069 0.0752 0.0754 0.0798 0.0884 0.0882 0.0962 0.0994 0.108 0.11 0.1192 0.1232 0.1312 0.1386 0.1384 0.1572
5bc35ff833ab79058be06cac,28,2018-10-14 15:25:44,0.0001,256,sync,603.687022,1,0.8095999956,t2.xlarge,1161,0.1774 0.297 0.3928 0.4878 0.557 0.6102 0.6592 0.6836 0.7092 0.7324 0.7436 0.7536 0.7684 0.7754 0.7842 0.7938 0.801 0.8048 0.8116 0.818
5bc3607533ab7905d75c2483,28,2018-10-14 15:27:49,0.001,256,sync,120.3570161,1,0.8575999737,t2.xlarge,243,0.7256 0.8148 0.8422 0.8576
5bc362d533ab7906012f37a4,28,2018-10-14 15:37:58,0.00001,16,sync,603.1322269,1,0.2398000062,t2.xlarge,1222,0.1062 0.1116 0.1176 0.1134 0.1232 0.127 0.1312 0.1402 0.1494 0.1468 0.1586 0.1624 0.1806 0.1762 0.1946 0.1948 0.2106 0.2162 0.2374 0.2276
5bc3653633ab79064be7a49c,28,2018-10-14 15:48:06,0.0001,16,sync,603.159874,1,0.7756000161,t2.xlarge,1183,0.1494 0.2262 0.3182 0.3908 0.453 0.5206 0.551 0.5954 0.621 0.6544 0.6686 0.6916 0.7042 0.7276 0.7306 0.7494 0.7546 0.7694 0.7702 0.7854
5bc365d133ab79068c278f43,28,2018-10-14 15:50:41,0.001,16,sync,150.699645,1,0.8519999981,t2.xlarge,281,0.7146 0.7952 0.8328 0.8448 0.852
5bc5b8574b54d8052c7ca434,32,2018-10-16 10:07:19,0.00001,256,sync,605.910861,1,0.1386000067,t2.small,643,0.0878 0.0902 0.0944 0.098 0.0988 0.109 0.107 0.1126 0.114 0.1182 0.1234 0.1244 0.1244 0.1354 0.1392 0.1286 0.137 0.1336 0.1378 0.1366
5bc5bac04b54d805603e603f,32,2018-10-16 10:17:37,0.0001,256,sync,610.7695241,1,0.407400012,t2.small,254,0.1076 0.1204 0.1294 0.1306 0.145 0.1524 0.1654 0.178 0.1892 0.2078 0.2272 0.2422 0.2622 0.2918 0.3096 0.3332 0.358 0.371 0.3994 0.3962
5bc5bcad4b54d805ad27d3b4,32,2018-10-16 10:25:50,0.001,256,sync,487.0731912,1,0.8539999723,t2.small,203,0.2338 0.476 0.5984 0.6804 0.7258 0.7562 0.7756 0.796 0.7994 0.8192 0.8248 0.8288 0.8322 0.8436 0.8392 0.854
5bc5bf174b54d805ef160d77,32,2018-10-16 10:36:07,0.00001,16,sync,610.7624791,1,0.1897999942,t2.small,253,0.1496 0.1556 0.152 0.1594 0.1596 0.1592 0.1604 0.1638 0.171 0.1602 0.1666 0.1704 0.1666 0.1746 0.1754 0.1724 0.1736 0.1782 0.183 0.176
5bc5c1864b54d8062c009466,32,2018-10-16 10:46:31,0.0001,16,sync,617.6010711,1,0.5088000298,t2.small,256,0.147 0.1674 0.185 0.205 0.2272 0.253 0.2678 0.3006 0.3126 0.3376 0.351 0.3808 0.3978 0.412 0.4334 0.4556 0.472 0.4744 0.4962 0.506
5bc5c3b44b54d8065dda0a08,32,2018-10-16 10:55:48,0.001,16,sync,551.173604,1,0.851000011,t2.small,229,0.2868 0.4784 0.6104 0.6752 0.7158 0.7378 0.7602 0.7832 0.7992 0.7992 0.8096 0.819 0.8224 0.8394 0.8398 0.8378 0.8374 0.851
5bc5d25f9e42dd05306d7d58,40,2018-10-16 11:58:24,0.00001,256,sync,605.6531911,1,0.1255999953,t2.medium,720,0.1036 0.097 0.0996 0.104 0.1048 0.102 0.1026 0.1118 0.1124 0.108 0.1164 0.1124 0.116 0.117 0.1172 0.1212 0.1232 0.1206 0.1226 0.1276
5bc5d4c39e42dd0566cb6c2c,40,2018-10-16 12:08:35,0.0001,256,sync,606.159143,1,0.6096000075,t2.medium,421,0.0796 0.1048 0.1338 0.173 0.2092 0.2392 0.2786 0.3046 0.3418 0.386 0.4078 0.4446 0.4728 0.4964 0.5158 0.541 0.5582 0.5692 0.5874 0.611
5bc5d6179e42dd059bb24bba,40,2018-10-16 12:14:15,0.001,256,sync,333.9578669,1,0.855799973,t2.medium,224,0.3224 0.6008 0.6952 0.7546 0.784 0.8062 0.8252 0.8304 0.8416 0.848 0.8558
5bc5d87c9e42dd05cf013fc0,40,2018-10-16 12:24:29,0.00001,16,sync,608.79249,1,0.1524000019,t2.medium,407,0.1174 0.128 0.1264 0.125 0.129 0.1288 0.127 0.1348 0.1316 0.1372 0.134 0.1408 0.144 0.1384 0.1426 0.1458 0.1486 0.1454 0.1532 0.1488
5bc5dae09e42dd060324ad98,40,2018-10-16 12:34:40,0.0001,16,sync,605.008904,1,0.5943999887,t2.medium,405,0.1402 0.1744 0.1888 0.2366 0.2552 0.2874 0.3182 0.3598 0.3822 0.414 0.4386 0.4672 0.4778 0.511 0.5226 0.5336 0.552 0.5694 0.585 0.5942
5bc5dc8f9e42dd0638ec8202,40,2018-10-16 12:41:51,0.001,16,sync,426.2097371,1,0.856400013,t2.medium,285,0.3104 0.5516 0.6792 0.729 0.7652 0.7942 0.799 0.8228 0.8268 0.8286 0.835 0.8462 0.8448 0.8564
5bc5df788baad405297ea103,48,2018-10-16 12:54:16,0.00001,256,sync,604.647644,1,0.1374000013,t2.medium,545,0.0714 0.0808 0.087 0.0788 0.0898 0.0898 0.0928 0.0978 0.1004 0.101 0.1082 0.1062 0.109 0.1156 0.1186 0.121 0.1274 0.127 0.125 0.143
5bc5e1dc8baad4055cd09292,48,2018-10-16 13:04:28,0.0001,256,sync,605.294852,1,0.5619999766,t2.medium,393,0.122 0.1394 0.16 0.1888 0.2244 0.2392 0.2776 0.3098 0.3476 0.3618 0.3928 0.4294 0.4472 0.4698 0.4914 0.5036 0.523 0.5366 0.5598 0.5626
5bc5e36b8baad4059619caf1,48,2018-10-16 13:11:08,0.001,256,sync,394.642055,1,0.8511999846,t2.medium,222,0.3664 0.583 0.6948 0.7384 0.7742 0.804 0.8064 0.8302 0.842 0.8304 0.846 0.8486 0.8512
5bc5e5d08baad405cc2d73f9,48,2018-10-16 13:21:20,0.00001,16,sync,607.3806131,1,0.1291999966,t2.medium,340,0.084 0.0832 0.084 0.0908 0.089 0.0946 0.0958 0.0976 0.0956 0.1074 0.1032 0.1092 0.1096 0.1122 0.1086 0.1216 0.1198 0.1202 0.122 0.129
5bc5e8348baad40600239e5c,48,2018-10-16 13:31:32,0.0001,16,sync,606.1067901,1,0.4298000038,t2.medium,340,0.062 0.063 0.0714 0.0812 0.1024 0.12 0.1422 0.17 0.1894 0.217 0.2362 0.2744 0.2936 0.3134 0.3476 0.3496 0.3792 0.3994 0.422 0.4386
5bc5ea1c8baad406354ee1ed,48,2018-10-16 13:39:41,0.001,16,sync,483.3244209,1,0.8528000116,t2.medium,271,0.2812 0.5136 0.6304 0.7128 0.7526 0.7614 0.7892 0.7954 0.8062 0.826 0.8268 0.8366 0.8414 0.846 0.844 0.8528
5bc5ed21ed20db0534e51e47,56,2018-10-16 13:52:33,0.00001,256,sync,607.4543619,1,0.1350000054,t2.medium,488,0.1 0.0986 0.1038 0.102 0.1026 0.1148 0.1082 0.1194 0.1172 0.1212 0.1224 0.1234 0.1274 0.1256 0.1322 0.1274 0.1302 0.139 0.1386 0.14
5bc5ef86ed20db05784c263c,56,2018-10-16 14:02:46,0.0001,256,sync,607.6311231,1,0.5396000147,t2.medium,300,0.1338 0.15 0.1652 0.1832 0.2024 0.2292 0.2518 0.277 0.302 0.3288 0.3548 0.3812 0.402 0.4228 0.4442 0.4628 0.4848 0.498 0.5192 0.5234
5bc5f135ed20db05b7e201a3,56,2018-10-16 14:09:58,0.001,256,sync,425.8110821,1,0.8537999988,t2.medium,205,0.3076 0.522 0.6574 0.7108 0.7586 0.7696 0.7916 0.809 0.8156 0.8296 0.8344 0.8436 0.8476 0.8538
5bc5f39bed20db05f7f2f764,56,2018-10-16 14:20:11,0.00001,16,sync,607.935245,1,0.1493999958,t2.medium,292,0.1318 0.1248 0.1384 0.1218 0.127 0.1334 0.1378 0.1276 0.137 0.1346 0.1364 0.137 0.1352 0.1436 0.1382 0.1448 0.1418 0.1438 0.145 0.1444
5bc5f5ffed20db063dd046a8,56,2018-10-16 14:30:23,0.0001,16,sync,606.2412319,1,0.4584000111,t2.medium,292,0.1044 0.1126 0.1298 0.1464 0.1696 0.1922 0.2022 0.2378 0.2432 0.2804 0.2884 0.314 0.345 0.3436 0.3686 0.3948 0.4072 0.4288 0.4436 0.4608
5bc5f78eed20db0686f05897,56,2018-10-16 14:37:03,0.001,16,sync,393.60098,1,0.850399971,t2.medium,190,0.3796 0.5868 0.6758 0.7274 0.7584 0.7834 0.8006 0.8082 0.821 0.83 0.8356 0.8486 0.8504
5bc7064c8e103f052540a588,48,2018-10-17 9:52:12,0.00001,256,sync,608.4195011,1,0.1521999985,t2.small,438,0.132 0.1366 0.135 0.1358 0.1354 0.1402 0.1408 0.137 0.1462 0.136 0.139 0.146 0.1412 0.1472 0.1448 0.1468 0.1488 0.1488 0.15 0.1504
5bc708ba8e103f05584e92fa,48,2018-10-17 10:02:34,0.0001,256,sync,610.83601,1,0.3758000135,t2.small,172,0.1714 0.1632 0.1722 0.1758 0.1784 0.1958 0.1964 0.2128 0.223 0.2302 0.2376 0.2716 0.2744 0.297 0.3122 0.3156 0.3412 0.3524 0.3646 0.3896
5bc70b258e103f058d0bf8d9,48,2018-10-17 10:12:54,0.001,256,sync,609.4131351,1,0.8417999744,t2.small,171,0.2092 0.34 0.4804 0.5788 0.6432 0.6924 0.7102 0.7514 0.7516 0.7842 0.7862 0.7994 0.806 0.8146 0.8196 0.827 0.8242 0.8422 0.8418 0.8396
5bc70d928e103f05cf996a0e,48,2018-10-17 10:23:14,0.00001,16,sync,608.8816409,1,0.05160000175,t2.small,171,0.0442 0.0464 0.0476 0.0436 0.0454 0.0468 0.0504 0.0428 0.0454 0.0496 0.0452 0.0518 0.049 0.0494 0.0526 0.0474 0.0508 0.0502 0.0504 0.0528
5bc70ffd8e103f060a8a74f1,48,2018-10-17 10:33:34,0.0001,16,sync,609.772289,1,0.3005999923,t2.small,171,0.0918 0.0988 0.1018 0.1074 0.1132 0.1274 0.1448 0.1462 0.1626 0.18 0.179 0.2098 0.214 0.2222 0.233 0.252 0.2678 0.269 0.286 0.3002
5bc712698e103f063cdceef0,48,2018-10-17 10:43:54,0.001,16,sync,609.6331429,1,0.8220000267,t2.small,171,0.1354 0.297 0.4216 0.5174 0.5918 0.6418 0.6922 0.7064 0.7336 0.7394 0.7616 0.7706 0.7776 0.7952 0.793 0.8132 0.8118 0.8118 0.8214 0.8298
5bc71570c8021505363a7ec8,64,2018-10-17 10:56:49,0.00001,256,sync,607.1222551,1,0.1482000053,t2.small,336,0.1322 0.137 0.1342 0.1356 0.1402 0.1312 0.1378 0.1372 0.1374 0.1404 0.1438 0.1372 0.1376 0.1448 0.1482 0.1378 0.1466 0.1432 0.1522 0.1428
5bc717e3c802150566ea6770,64,2018-10-17 11:07:16,0.0001,256,sync,614.4390879,1,0.3120000064,t2.small,150,0.1172 0.1178 0.127 0.1466 0.1556 0.1714 0.1842 0.196 0.2016 0.2194 0.23 0.2288 0.2408 0.2604 0.259 0.2784 0.2804 0.292 0.3 0.3162
5bc71a54c80215059b775863,64,2018-10-17 11:17:41,0.001,256,sync,614.9227741,1,0.7975999713,t2.small,129,0.1524 0.2166 0.3214 0.425 0.4898 0.5328 0.5754 0.6338 0.6518 0.686 0.7162 0.7106 0.7388 0.7474 0.765 0.7672 0.7818 0.785 0.793 0.8004
5bc71cc6c8021505d666a086,64,2018-10-17 11:28:06,0.00001,16,sync,615.5028801,1,0.1485999972,t2.small,130,0.1384 0.1462 0.1446 0.1414 0.1444 0.143 0.1458 0.144 0.1458 0.1468 0.1452 0.1504 0.1462 0.1504 0.1454 0.151 0.1478 0.1506 0.1472 0.1524
5bc71f40c8021506036c8010,64,2018-10-17 11:38:40,0.0001,16,sync,620.793741,1,0.1049999967,t2.small,131,0.0764 0.077 0.0748 0.065 0.0644 0.07 0.0718 0.0654 0.0734 0.072 0.0802 0.077 0.0808 0.0856 0.0856 0.0954 0.0968 0.0974 0.1072 0.1022
5bc721b1c80215063f3eb36a,64,2018-10-17 11:49:06,0.001,16,sync,614.216594,1,0.7990000248,t2.small,130,0.1884 0.2672 0.3252 0.3804 0.472 0.525 0.5886 0.6326 0.6612 0.6868 0.7036 0.7274 0.7348 0.7504 0.7598 0.7668 0.7742 0.784 0.7934 0.7982
5bc724bc98a3760546286a9c,80,2018-10-17 12:02:04,0.00001,256,sync,607.970782,1,0.1071999967,t2.small,325,0.099 0.0986 0.1006 0.1018 0.1018 0.1054 0.1088 0.1028 0.107 0.108 0.1158 0.101 0.1084 0.1116 0.1082 0.1148 0.1126 0.1128 0.1122 0.1142
5bc7272998a376057622ce5f,80,2018-10-17 12:12:26,0.0001,256,sync,613.2069762,1,0.2046000063,t2.small,102,0.086 0.0888 0.0904 0.1006 0.099 0.1094 0.1142 0.1162 0.1188 0.1308 0.1354 0.136 0.1442 0.1532 0.1576 0.1698 0.1694 0.191 0.1886 0.2072
5bc7299498a37605adbff644,80,2018-10-17 12:22:45,0.001,256,sync,612.7859342,1,0.8051999807,t2.small,102,0.15 0.223 0.3212 0.4302 0.4904 0.5704 0.6052 0.6484 0.6838 0.707 0.73 0.7408 0.7556 0.7626 0.7652 0.7854 0.7894 0.7938 0.801 0.8068
5bc72c0098a37605e7cbe0da,80,2018-10-17 12:33:05,0.00001,16,sync,614.0113029,1,0.121799998,t2.small,102,0.1164 0.1142 0.1102 0.1216 0.1162 0.1176 0.1118 0.1216 0.1146 0.1224 0.12 0.12 0.1202 0.1222 0.1234 0.1226 0.1196 0.1276 0.1276 0.1216
5bc72e6b98a3760617b2ef16,80,2018-10-17 12:43:23,0.0001,16,sync,612.7848551,1,0.2393999994,t2.small,103,0.0796 0.0924 0.0908 0.095 0.1012 0.1032 0.1096 0.1214 0.1264 0.1364 0.1482 0.1524 0.1672 0.1726 0.1928 0.193 0.2138 0.2148 0.2314 0.2416
5bc730d998a376064303e3d3,80,2018-10-17 12:53:46,0.001,16,sync,614.870055,1,0.7896000147,t2.small,102,0.1586 0.1846 0.2818 0.3634 0.4384 0.5172 0.5604 0.6366 0.6584 0.6824 0.6974 0.7194 0.7308 0.7462 0.7572 0.7636 0.7772 0.7716 0.781 0.79
5bc73407e9b4350535f76918,96,2018-10-17 13:07:20,0.00001,256,sync,618.731148,1,0.09880000353,t2.small,221,0.0926 0.0966 0.0916 0.0966 0.0956 0.0954 0.0938 0.0976 0.0946 0.0982 0.0944 0.0996 0.1006 0.0946 0.0936 0.1028 0.0996 0.0974 0.0988 0.0988
5bc7367be9b43505630741e6,96,2018-10-17 13:17:48,0.0001,256,sync,619.8019309,1,0.2060000002,t2.small,86,0.093 0.0994 0.106 0.1124 0.1218 0.1214 0.1374 0.1326 0.1484 0.1488 0.159 0.167 0.1752 0.1764 0.185 0.1914 0.2002 0.1968 0.2034 0.2128
5bc738e7e9b43505a384ca5d,96,2018-10-17 13:28:08,0.001,256,sync,612.6737921,1,0.7875999808,t2.small,85,0.1504 0.1924 0.2522 0.3316 0.4118 0.468 0.5418 0.5866 0.628 0.643 0.667 0.7036 0.7188 0.7214 0.7466 0.7496 0.7582 0.7718 0.7826 0.7792
5bc73b58e9b43505dca9af2b,96,2018-10-17 13:38:33,0.00001,16,sync,617.533093,1,0.1243999973,t2.small,85,0.122 0.1148 0.1204 0.1194 0.1224 0.1186 0.1226 0.1202 0.1156 0.1278 0.1212 0.1234 0.1214 0.1254 0.125 0.1228 0.1324 0.1172 0.126 0.126
5bc73dc8e9b435060d69ce71,96,2018-10-17 13:48:57,0.0001,16,sync,617.4668422,1,0.1508000046,t2.small,86,0.0908 0.0966 0.0974 0.0926 0.094 0.0994 0.0976 0.105 0.1056 0.1082 0.1126 0.1136 0.1248 0.1188 0.127 0.1346 0.1368 0.1402 0.1538 0.145
5bc7403ce9b435063d9d698c,96,2018-10-17 13:59:25,0.001,16,sync,619.54688,1,0.7481999993,t2.small,86,0.1654 0.1708 0.2078 0.298 0.3528 0.4202 0.4832 0.5382 0.5716 0.6118 0.632 0.6526 0.6676 0.6836 0.6908 0.7182 0.7226 0.7352 0.7518 0.7398
5bc743500e92e30532041180,112,2018-10-17 14:12:33,0.00001,256,sync,620.381963,1,0.1023999974,t2.small,189,0.0918 0.0884 0.0904 0.092 0.0914 0.0936 0.0916 0.0944 0.0982 0.0902 0.0916 0.099 0.0962 0.0944 0.1026 0.0918 0.1018 0.0958 0.1028 0.095
5bc745c30e92e3056874beec,112,2018-10-17 14:22:59,0.0001,256,sync,610.507901,1,0.1604000032,t2.small,74,0.1074 0.1142 0.119 0.1152 0.1204 0.1244 0.1258 0.128 0.1318 0.1338 0.1358 0.1386 0.138 0.1474 0.1456 0.151 0.1532 0.1574 0.1646
5bc748450e92e3059c4b3939,112,2018-10-17 14:33:41,0.001,256,sync,628.9593072,1,0.7369999886,t2.small,75,0.087 0.1228 0.1622 0.2278 0.2912 0.3686 0.439 0.4954 0.543 0.5626 0.6032 0.6434 0.6596 0.6764 0.7026 0.6966 0.718 0.7238 0.7326 0.7428
5bc74aca0e92e305d5434d88,112,2018-10-17 14:44:27,0.00001,16,sync,632.9059551,1,0.1475999951,t2.small,76,0.141 0.1488 0.1598 0.1304 0.1428 0.1508 0.147 0.148 0.1452 0.151 0.1466 0.1508 0.1528 0.1458 0.1512 0.1484 0.1448 0.1558 0.1558 0.1484
5bc74d500e92e306022d4f91,112,2018-10-17 14:55:12,0.0001,16,sync,629.9862731,1,0.140200004,t2.small,76,0.0906 0.0908 0.0898 0.0964 0.095 0.0972 0.1002 0.1026 0.1044 0.1092 0.1124 0.1144 0.1176 0.1224 0.1212 0.1376 0.1364 0.1348 0.1372 0.147
5bc74fc90e92e3063bcba128,112,2018-10-17 15:05:46,0.001,16,sync,625.0625319,1,0.7753999829,t2.small,74,0.1704 0.2258 0.3094 0.3714 0.4434 0.4886 0.5486 0.5836 0.6112 0.6436 0.6676 0.698 0.7122 0.7216 0.741 0.7496 0.7542 0.7712 0.7748 0.778